Student_ID,Age,Gender,Academic_Level,Country,Avg_Daily_Usage_Hours,Most_Used_Platform,Affects_Academic_Performance,Sleep_Hours_Per_Night,Mental_Health_Score,Relationship_Status,Conflicts_Over_Social_Media,Addicted_Score,Age Group,Most_Used_Platform_trans,Addiction_Level,Stress_Level,Stress_Level_byRandomForest
1,19,Female,Undergraduate,Bangladesh,5.2,Instagram,Yes,6.5,6,In Relationship,3,8,18-20,1,Medium,Medium,Medium
2,22,Male,Graduate,India,2.1,Twitter,No,7.5,8,Single,1,3,21-22,7,Low,Low,Low
3,20,Female,Undergraduate,USA,6.0,TikTok,Yes,5.0,5,Complicated,4,9,18-20,6,High,Medium,High
4,18,Male,High School,UK,3.0,YouTube,No,7.0,7,Single,1,4,18-20,11,Low,Low,Low
5,21,Male,Graduate,Canada,4.5,Facebook,Yes,6.0,6,In Relationship,2,7,21-22,0,Medium,Low,Low
6,19,Female,Undergraduate,Australia,7.2,Instagram,Yes,4.5,4,Complicated,4,9,18-20,1,High,Medium,High
8,20,Female,Undergraduate,Brazil,5.8,Snapchat,Yes,6.0,6,In Relationship,2,8,18-20,5,Medium,Medium,Medium
9,18,Male,High School,Japan,4.0,TikTok,No,6.5,7,Single,1,5,18-20,6,Low,Low,Low
10,21,Female,Graduate,South Korea,3.3,Instagram,No,7.0,7,In Relationship,1,4,21-22,1,Low,Low,Low
11,19,Male,Undergraduate,France,4.8,Snapchat,Yes,6.2,5,Complicated,3,7,18-20,5,Medium,Medium,Medium
12,20,Female,Undergraduate,Spain,5.5,TikTok,Yes,5.8,6,In Relationship,2,8,18-20,6,Medium,Medium,Low
13,22,Male,Graduate,Italy,2.8,LinkedIn,No,7.2,8,Single,1,4,21-22,4,Low,Low,Low
14,18,Female,High School,Mexico,6.5,Instagram,Yes,5.5,5,Single,4,9,18-20,1,High,Medium,High
15,21,Male,Undergraduate,Russia,3.7,YouTube,No,6.8,7,In Relationship,2,5,21-22,11,Low,Low,Low
16,20,Female,Undergraduate,China,4.2,TikTok,Yes,6.0,6,Complicated,3,7,18-20,6,Medium,Medium,Medium
17,24,Male,Graduate,Sweden,2.0,LinkedIn,No,7.8,8,Single,1,3,23-24,4,Low,Low,Low
18,19,Female,High School,Norway,5.0,Instagram,Yes,5.7,5,In Relationship,3,8,18-20,1,Medium,Medium,Medium
19,21,Male,Undergraduate,Denmark,3.5,Facebook,No,6.7,7,Single,1,5,21-22,0,Low,Low,Low
20,20,Female,Undergraduate,Netherlands,4.7,Snapchat,Yes,5.9,6,Complicated,3,7,18-20,5,Medium,Medium,Medium
21,18,Male,High School,Belgium,5.3,TikTok,Yes,5.5,5,Single,4,8,18-20,6,High,Medium,High
22,23,Female,Graduate,Switzerland,2.5,LinkedIn,No,7.3,8,In Relationship,1,4,23-24,4,Low,Low,Low
23,19,Male,Undergraduate,Austria,4.9,Instagram,Yes,5.8,6,Complicated,3,7,18-20,1,Medium,Medium,Medium
24,20,Female,Undergraduate,Portugal,5.7,TikTok,Yes,5.4,5,Single,4,8,18-20,6,High,Medium,High
25,22,Male,Graduate,Greece,3.2,Facebook,No,6.9,7,In Relationship,2,5,21-22,0,Low,Low,Low
26,19,Female,High School,Ireland,6.1,Instagram,Yes,5.2,5,Complicated,4,9,18-20,1,High,Medium,High
27,21,Male,Undergraduate,New Zealand,3.8,YouTube,No,6.6,7,Single,1,5,21-22,11,Low,Low,Low
28,20,Female,Undergraduate,Singapore,4.4,TikTok,Yes,5.9,6,In Relationship,3,7,18-20,6,Medium,Medium,Medium
29,24,Male,Graduate,Malaysia,2.2,LinkedIn,No,7.4,8,Single,1,3,23-24,4,Low,Low,Low
30,19,Female,High School,Thailand,5.9,Instagram,Yes,5.3,5,Complicated,4,8,18-20,1,High,Medium,High
31,21,Male,Undergraduate,Vietnam,3.6,Facebook,No,6.7,7,Single,1,5,21-22,0,Low,Low,Low
32,20,Female,Undergraduate,Philippines,4.8,Snapchat,Yes,5.7,6,In Relationship,3,7,18-20,5,Medium,Medium,Medium
33,18,Male,High School,Indonesia,5.4,TikTok,Yes,5.4,5,Complicated,4,8,18-20,6,High,Medium,High
34,23,Female,Graduate,Taiwan,2.6,LinkedIn,No,7.2,8,Single,1,4,23-24,4,Low,Low,Low
35,19,Male,Undergraduate,Hong Kong,4.7,Instagram,Yes,5.8,6,In Relationship,3,7,18-20,1,Medium,Medium,Medium
36,20,Female,Undergraduate,Turkey,5.6,TikTok,Yes,5.5,5,Complicated,4,8,18-20,6,High,Medium,High
37,22,Male,Graduate,Israel,3.1,Facebook,No,6.8,7,Single,1,5,21-22,0,Low,Low,Low
38,19,Female,High School,UAE,6.2,Instagram,Yes,5.1,5,In Relationship,4,9,18-20,1,High,Medium,High
39,21,Male,Undergraduate,Egypt,3.9,YouTube,No,6.5,7,Complicated,2,6,21-22,11,Medium,Low,Low
40,20,Female,Undergraduate,Morocco,4.5,TikTok,Yes,5.8,6,Single,3,7,18-20,6,Medium,Medium,Medium
41,24,Male,Graduate,South Africa,2.3,LinkedIn,No,7.3,8,In Relationship,1,4,23-24,4,Low,Low,Low
42,19,Female,High School,Nigeria,5.8,Instagram,Yes,5.4,5,Complicated,4,8,18-20,1,High,Medium,High
43,21,Male,Undergraduate,Kenya,3.7,Facebook,No,6.6,7,Single,2,5,21-22,0,Low,Low,Low
44,20,Female,Undergraduate,Ghana,4.6,Snapchat,Yes,5.7,6,In Relationship,3,7,18-20,5,Medium,Medium,Medium
45,18,Male,High School,Argentina,5.5,TikTok,Yes,5.3,5,Single,4,8,18-20,6,High,Medium,High
46,23,Female,Graduate,Chile,2.7,LinkedIn,No,7.1,8,Complicated,1,4,23-24,4,Low,Low,Low
47,19,Male,Undergraduate,Colombia,4.8,Instagram,Yes,5.9,6,In Relationship,3,7,18-20,1,Medium,Medium,Medium
48,20,Female,Undergraduate,Peru,5.5,TikTok,Yes,5.6,5,Single,4,8,18-20,6,Medium,Medium,High
49,22,Male,Graduate,Venezuela,3.3,Facebook,No,6.7,7,In Relationship,2,5,21-22,0,Low,Low,Low
50,19,Female,High School,Ecuador,6.3,Instagram,Yes,5.2,5,Complicated,4,9,18-20,1,High,Medium,High
51,21,Male,Undergraduate,Uruguay,3.8,YouTube,No,6.4,7,Single,2,6,21-22,11,Medium,Low,Low
52,20,Female,Undergraduate,Paraguay,4.7,TikTok,Yes,5.8,6,In Relationship,3,7,18-20,6,Medium,Medium,Medium
53,24,Male,Graduate,Bolivia,2.4,LinkedIn,No,7.2,8,Complicated,1,4,23-24,4,Low,Low,Low
54,19,Female,High School,Costa Rica,5.7,Instagram,Yes,5.5,5,Single,4,8,18-20,1,High,Medium,High
55,21,Male,Undergraduate,Panama,3.6,Facebook,No,6.5,7,In Relationship,2,5,21-22,0,Low,Low,Low
56,20,Female,Undergraduate,Jamaica,4.9,Snapchat,Yes,5.6,6,Complicated,3,7,18-20,5,Medium,Medium,Medium
57,18,Male,High School,Trinidad,5.6,TikTok,Yes,5.2,5,Single,4,8,18-20,6,High,Medium,High
58,23,Female,Graduate,Bahamas,2.8,LinkedIn,No,7.0,8,In Relationship,1,4,23-24,4,Low,Low,Low
59,19,Male,Undergraduate,Iceland,4.6,Instagram,Yes,5.9,6,Complicated,3,7,18-20,1,Medium,Medium,Medium
60,20,Female,Undergraduate,Finland,5.4,TikTok,Yes,5.7,5,Single,4,8,18-20,6,Medium,Medium,High
61,22,Male,Graduate,Poland,3.1,Facebook,No,7.1,7,Single,1,5,21-22,0,Low,Low,Low
62,19,Female,Undergraduate,Romania,5.6,Instagram,Yes,5.6,5,In Relationship,3,8,18-20,1,Medium,Medium,Medium
63,20,Male,Undergraduate,Hungary,4.2,TikTok,Yes,6.0,6,Complicated,3,7,18-20,6,Medium,Medium,Medium
64,18,Female,High School,Czech Republic,6.1,Snapchat,Yes,5.2,4,Single,4,9,18-20,5,High,Medium,High
65,23,Male,Graduate,Slovakia,2.3,LinkedIn,No,7.4,8,In Relationship,1,3,23-24,4,Low,Low,Low
66,21,Female,Undergraduate,Croatia,4.8,Instagram,Yes,5.8,6,Single,3,7,21-22,1,Medium,Medium,Medium
67,20,Male,Undergraduate,Serbia,3.9,YouTube,No,6.5,7,Complicated,2,6,18-20,11,Medium,Low,Low
68,19,Female,High School,Slovenia,5.7,TikTok,Yes,5.4,5,In Relationship,4,8,18-20,6,High,Medium,High
69,22,Male,Graduate,Bulgaria,2.8,LinkedIn,No,7.2,8,Single,1,4,21-22,4,Low,Low,Low
70,20,Female,Undergraduate,Estonia,4.5,Instagram,Yes,5.9,6,Complicated,3,7,18-20,1,Medium,Medium,Medium
71,18,Male,High School,Latvia,5.4,Snapchat,Yes,5.5,5,Single,4,8,18-20,5,High,Medium,High
72,21,Female,Graduate,Lithuania,3.2,Facebook,No,6.8,7,In Relationship,2,5,21-22,0,Low,Low,Low
73,19,Male,Undergraduate,Ukraine,4.9,TikTok,Yes,5.7,6,Complicated,3,7,18-20,6,Medium,Medium,Medium
74,20,Female,Undergraduate,Moldova,5.8,Instagram,Yes,5.3,5,Single,4,8,18-20,1,High,Medium,High
75,23,Male,Graduate,Belarus,2.5,LinkedIn,No,7.3,8,In Relationship,1,4,23-24,4,Low,Low,Low
76,21,Female,Undergraduate,Kazakhstan,4.6,Snapchat,Yes,5.8,6,Single,3,7,21-22,5,Medium,Medium,Medium
77,19,Male,High School,Uzbekistan,5.5,TikTok,Yes,5.4,5,Complicated,4,8,18-20,6,High,Medium,High
78,22,Female,Graduate,Kyrgyzstan,2.9,Facebook,No,7.0,7,In Relationship,2,5,21-22,0,Low,Low,Low
79,20,Male,Undergraduate,Tajikistan,4.7,YouTube,Yes,5.9,6,Single,3,7,18-20,11,Medium,Medium,Medium
80,18,Female,High School,Armenia,5.9,Instagram,Yes,5.2,5,Complicated,4,9,18-20,1,High,Medium,High
81,21,Male,Graduate,Georgia,3.0,LinkedIn,No,7.1,8,In Relationship,1,4,21-22,4,Low,Low,Low
82,19,Female,Undergraduate,Azerbaijan,4.8,TikTok,Yes,5.7,6,Single,3,7,18-20,6,Medium,Medium,Medium
83,20,Male,Undergraduate,Cyprus,3.8,Facebook,No,6.6,7,Complicated,2,6,18-20,0,Medium,Low,Low
84,22,Female,Graduate,Malta,2.7,LinkedIn,No,7.2,8,In Relationship,1,4,21-22,4,Low,Low,Low
85,18,Male,High School,Luxembourg,5.6,Snapchat,Yes,5.3,5,Single,4,8,18-20,5,High,Medium,High
86,21,Female,Undergraduate,Monaco,4.5,Instagram,Yes,5.8,6,Complicated,3,7,21-22,1,Medium,Medium,Medium
87,19,Male,High School,Andorra,5.3,TikTok,Yes,5.5,5,In Relationship,4,8,18-20,6,High,Medium,High
88,23,Female,Graduate,San Marino,2.6,LinkedIn,No,7.3,8,Single,1,4,23-24,4,Low,Low,Low
89,20,Male,Undergraduate,Vatican City,4.4,YouTube,Yes,6.0,6,Complicated,3,7,18-20,11,Medium,Medium,Medium
90,18,Female,High School,Liechtenstein,5.8,Instagram,Yes,5.2,5,Single,4,9,18-20,1,High,Medium,High
91,22,Male,Graduate,Montenegro,2.9,Facebook,No,7.0,7,In Relationship,2,5,21-22,0,Low,Low,Low
92,19,Female,Undergraduate,Albania,4.7,TikTok,Yes,5.8,6,Complicated,3,7,18-20,6,Medium,Medium,Medium
93,21,Male,Undergraduate,North Macedonia,3.7,Snapchat,No,6.5,7,Single,2,6,21-22,5,Medium,Low,Low
94,20,Female,High School,Kosovo,5.5,Instagram,Yes,5.4,5,In Relationship,4,8,18-20,1,High,Medium,High
95,23,Male,Graduate,Bosnia,2.4,LinkedIn,No,7.4,8,Complicated,1,4,23-24,4,Low,Low,Low
96,19,Female,Undergraduate,Qatar,4.9,TikTok,Yes,5.7,6,Single,3,7,18-20,6,Medium,Medium,Medium
97,18,Male,High School,Kuwait,5.7,Snapchat,Yes,5.3,5,In Relationship,4,8,18-20,5,High,Medium,High
98,22,Female,Graduate,Bahrain,2.8,LinkedIn,No,7.1,8,Complicated,1,4,21-22,4,Low,Low,Low
99,20,Male,Undergraduate,Oman,4.6,Instagram,Yes,5.9,6,Single,3,7,18-20,1,Medium,Medium,Medium
100,21,Female,Undergraduate,Jordan,5.4,TikTok,Yes,5.5,5,In Relationship,4,8,21-22,6,High,Medium,High
101,19,Male,High School,Lebanon,5.8,YouTube,Yes,5.2,5,Complicated,4,9,18-20,11,High,Medium,High
102,23,Female,Graduate,Iraq,2.5,LinkedIn,No,7.3,8,Single,1,4,23-24,4,Low,Low,Low
103,20,Male,Undergraduate,Yemen,4.7,Facebook,Yes,5.8,6,In Relationship,3,7,18-20,0,Medium,Medium,Medium
104,18,Female,High School,Syria,5.6,Instagram,Yes,5.4,5,Single,4,8,18-20,1,High,Medium,High
105,22,Male,Graduate,Afghanistan,2.9,LinkedIn,No,7.0,7,Complicated,2,5,21-22,4,Low,Low,Low
106,19,Female,Undergraduate,Pakistan,4.8,TikTok,Yes,5.7,6,In Relationship,3,7,18-20,6,Medium,Medium,Medium
107,21,Male,Undergraduate,Nepal,3.8,YouTube,No,6.6,7,Single,2,6,21-22,11,Medium,Low,Low
108,20,Female,High School,Bhutan,5.5,Snapchat,Yes,5.5,5,Complicated,4,8,18-20,5,High,Medium,High
109,23,Male,Graduate,Sri Lanka,2.6,LinkedIn,No,7.2,8,In Relationship,1,4,23-24,4,Low,Low,Low
110,19,Female,Undergraduate,Maldives,4.9,Instagram,Yes,5.8,6,Single,3,7,18-20,1,Medium,Medium,Medium
111,20,Male,Undergraduate,Bangladesh,6.1,Instagram,Yes,6.2,5,Single,4,8,18-20,1,Medium,Medium,High
112,21,Female,Undergraduate,India,5.8,TikTok,Yes,5.9,6,In Relationship,3,7,21-22,6,Medium,Medium,Medium
113,19,Male,Undergraduate,Nepal,4.9,Facebook,No,7.1,7,Single,2,5,18-20,0,Low,Low,Low
114,22,Female,Graduate,Pakistan,5.5,Instagram,Yes,6.0,5,Single,4,8,21-22,1,Medium,Medium,High
115,20,Male,Undergraduate,Sri Lanka,5.2,TikTok,Yes,6.3,6,In Relationship,3,7,18-20,6,Medium,Medium,Medium
116,19,Female,Undergraduate,Maldives,4.8,Instagram,No,7.2,8,Single,2,5,18-20,1,Low,Low,Low
117,21,Male,Graduate,Bangladesh,6.0,Facebook,Yes,5.8,5,In Relationship,4,8,21-22,0,Medium,Medium,High
118,20,Female,Undergraduate,India,5.7,Instagram,Yes,6.1,6,Single,3,7,18-20,1,Medium,Medium,Medium
119,22,Male,Graduate,Nepal,4.7,TikTok,No,7.3,7,Single,2,5,21-22,6,Low,Low,Low
120,19,Female,Undergraduate,Pakistan,5.4,Instagram,Yes,6.2,5,In Relationship,4,8,18-20,1,Medium,Medium,High
121,20,Male,Undergraduate,Sri Lanka,5.9,Facebook,Yes,5.9,6,Single,3,7,18-20,0,Medium,Medium,Medium
122,21,Female,Graduate,Maldives,4.6,Instagram,No,7.4,8,In Relationship,2,5,21-22,1,Low,Low,Low
123,19,Male,Undergraduate,Bangladesh,5.3,TikTok,Yes,6.3,5,Single,4,8,18-20,6,Medium,Medium,High
124,22,Female,Graduate,India,5.8,Instagram,Yes,5.8,6,In Relationship,3,7,21-22,1,Medium,Medium,Medium
125,20,Male,Undergraduate,Nepal,4.5,Facebook,No,7.5,7,Single,2,5,18-20,0,Low,Low,Low
126,21,Female,Graduate,Pakistan,5.2,Instagram,Yes,6.4,5,In Relationship,4,8,21-22,1,Medium,Medium,High
127,19,Male,Undergraduate,Sri Lanka,5.7,TikTok,Yes,5.7,6,Single,3,7,18-20,6,Medium,Medium,Medium
128,20,Female,Undergraduate,Maldives,4.4,Instagram,No,7.6,8,In Relationship,2,5,18-20,1,Low,Low,Low
129,22,Male,Graduate,Bangladesh,5.1,Facebook,Yes,6.5,5,Single,4,8,21-22,0,Medium,Medium,High
130,21,Female,Graduate,India,5.6,Instagram,Yes,5.6,6,In Relationship,3,7,21-22,1,Medium,Medium,Medium
131,19,Male,Undergraduate,Nepal,4.3,TikTok,No,7.7,7,Single,2,5,18-20,6,Low,Low,Low
132,20,Female,Undergraduate,Pakistan,5.0,Instagram,Yes,6.6,5,In Relationship,4,8,18-20,1,Medium,Medium,High
133,22,Male,Graduate,Sri Lanka,5.5,Facebook,Yes,5.5,6,Single,3,7,21-22,0,High,Medium,Medium
134,21,Female,Graduate,Maldives,4.2,Instagram,No,7.8,8,In Relationship,2,5,21-22,1,Low,Low,Low
135,19,Male,Undergraduate,Bangladesh,4.9,TikTok,Yes,6.7,5,Single,4,8,18-20,6,Medium,Medium,High
136,20,Female,Undergraduate,India,5.4,Instagram,Yes,5.4,6,In Relationship,3,7,18-20,1,High,Medium,Medium
137,22,Male,Graduate,Nepal,4.1,Facebook,No,7.9,7,Single,2,5,21-22,0,Low,Low,Low
138,21,Female,Graduate,Pakistan,4.8,Instagram,Yes,6.8,5,In Relationship,4,8,21-22,1,Medium,Medium,High
139,19,Male,Undergraduate,Sri Lanka,5.3,TikTok,Yes,5.3,6,Single,3,7,18-20,6,High,Medium,Medium
140,20,Female,Undergraduate,Maldives,4.0,Instagram,No,8.0,8,In Relationship,2,5,18-20,1,Low,Low,Low
141,22,Male,Graduate,Bangladesh,4.7,Facebook,Yes,6.9,5,Single,4,8,21-22,0,Medium,Medium,High
142,21,Female,Graduate,India,5.2,Instagram,Yes,5.2,6,In Relationship,3,7,21-22,1,High,Medium,Medium
143,19,Male,Undergraduate,Nepal,3.9,TikTok,No,8.1,7,Single,2,5,18-20,6,Low,Low,Low
144,20,Female,Undergraduate,Pakistan,4.6,Instagram,Yes,7.0,5,In Relationship,4,8,18-20,1,Medium,Medium,High
145,22,Male,Graduate,Sri Lanka,5.1,Facebook,Yes,5.1,6,Single,3,7,21-22,0,High,Medium,Medium
146,21,Female,Graduate,Maldives,3.8,Instagram,No,8.2,8,In Relationship,2,5,21-22,1,Low,Low,Low
147,19,Male,Undergraduate,Bangladesh,4.5,TikTok,Yes,7.1,5,Single,4,8,18-20,6,Medium,Medium,Medium
148,20,Female,Undergraduate,India,5.0,Instagram,Yes,5.0,6,In Relationship,3,7,18-20,1,High,Medium,Medium
149,22,Male,Graduate,Nepal,3.7,Facebook,No,8.3,7,Single,2,5,21-22,0,Low,Low,Low
150,21,Female,Graduate,Pakistan,4.4,Instagram,Yes,7.2,5,In Relationship,4,8,21-22,1,Medium,Medium,Medium
151,19,Male,Undergraduate,Sri Lanka,4.9,TikTok,Yes,4.9,6,Single,3,7,18-20,6,High,Medium,Medium
152,20,Female,Undergraduate,Maldives,3.6,Instagram,No,8.4,8,In Relationship,2,5,18-20,1,Low,Low,Low
153,22,Male,Graduate,Bangladesh,4.3,Facebook,Yes,7.3,5,Single,4,8,21-22,0,Medium,Medium,Medium
154,21,Female,Graduate,India,4.8,Instagram,Yes,4.8,6,In Relationship,3,7,21-22,1,High,Medium,Medium
155,19,Male,Undergraduate,Nepal,3.5,TikTok,No,8.5,7,Single,2,5,18-20,6,Low,Low,Low
156,20,Female,Undergraduate,Pakistan,4.2,Instagram,Yes,7.4,5,In Relationship,4,8,18-20,1,Medium,Medium,Medium
157,22,Male,Graduate,Sri Lanka,4.7,Facebook,Yes,4.7,6,Single,3,7,21-22,0,High,Medium,Medium
158,21,Female,Graduate,Maldives,3.4,Instagram,No,8.6,8,In Relationship,2,5,21-22,1,Low,Low,Low
159,19,Male,Undergraduate,Bangladesh,4.1,TikTok,Yes,7.5,5,Single,4,8,18-20,6,Medium,Medium,Medium
160,20,Female,Undergraduate,India,4.6,Instagram,Yes,4.6,6,In Relationship,3,7,18-20,1,High,Medium,Medium
161,19,Female,Undergraduate,Bangladesh,5.3,Instagram,Yes,6.1,5,Single,3,7,18-20,1,Medium,Medium,Medium
162,21,Male,Graduate,India,4.8,Facebook,No,7.2,7,In Relationship,2,6,21-22,0,Medium,Low,Low
163,20,Female,Undergraduate,Nepal,5.5,TikTok,Yes,5.9,6,Single,4,8,18-20,6,Medium,Medium,High
164,22,Male,Graduate,Pakistan,4.7,Instagram,Yes,6.3,5,In Relationship,3,7,21-22,1,Medium,Medium,Medium
165,19,Female,Undergraduate,Sri Lanka,5.1,Facebook,No,7.0,7,Single,2,5,18-20,0,Low,Low,Low
166,21,Male,Graduate,Maldives,5.4,TikTok,Yes,6.0,6,In Relationship,4,8,21-22,6,Medium,Medium,High
167,20,Female,Undergraduate,Bangladesh,4.9,Instagram,Yes,6.4,5,Single,3,7,18-20,1,Medium,Medium,Medium
168,22,Male,Graduate,India,5.2,Facebook,No,7.1,7,In Relationship,2,6,21-22,0,Medium,Medium,Low
169,19,Female,Undergraduate,Nepal,5.6,TikTok,Yes,5.8,6,Single,4,8,18-20,6,Medium,Medium,High
170,21,Male,Graduate,Pakistan,4.6,Instagram,Yes,6.5,5,In Relationship,3,7,21-22,1,Medium,Medium,Medium
171,20,Female,Undergraduate,Sri Lanka,5.0,Facebook,No,7.3,7,Single,2,5,18-20,0,Low,Low,Low
172,22,Male,Graduate,Maldives,5.3,TikTok,Yes,5.7,6,In Relationship,4,8,21-22,6,Medium,Medium,High
173,19,Female,Undergraduate,Bangladesh,4.8,Instagram,Yes,6.6,5,Single,3,7,18-20,1,Medium,Medium,Medium
174,21,Male,Graduate,India,5.1,Facebook,No,7.4,7,In Relationship,2,6,21-22,0,Medium,Low,Low
175,20,Female,Undergraduate,Nepal,5.7,TikTok,Yes,5.6,6,Single,4,8,18-20,6,Medium,Medium,High
176,22,Male,Graduate,Pakistan,4.5,Instagram,Yes,6.7,5,In Relationship,3,7,21-22,1,Medium,Medium,Medium
177,19,Female,Undergraduate,Sri Lanka,4.9,Facebook,No,7.5,7,Single,2,5,18-20,0,Low,Low,Low
178,21,Male,Graduate,Maldives,5.2,TikTok,Yes,5.5,6,In Relationship,4,8,21-22,6,High,Medium,High
179,20,Female,Undergraduate,Bangladesh,4.7,Instagram,Yes,6.8,5,Single,3,7,18-20,1,Medium,Medium,Medium
180,22,Male,Graduate,India,5.0,Facebook,No,7.6,7,In Relationship,2,6,21-22,0,Medium,Low,Low
181,19,Female,Undergraduate,Nepal,5.8,TikTok,Yes,5.4,6,Single,4,8,18-20,6,High,Medium,High
182,21,Male,Graduate,Pakistan,4.4,Instagram,Yes,6.9,5,In Relationship,3,7,21-22,1,Medium,Medium,Medium
183,20,Female,Undergraduate,Sri Lanka,4.8,Facebook,No,7.7,7,Single,2,5,18-20,0,Low,Low,Low
184,22,Male,Graduate,Maldives,5.1,TikTok,Yes,5.3,6,In Relationship,4,8,21-22,6,High,Medium,High
185,19,Female,Undergraduate,Bangladesh,4.6,Instagram,Yes,7.0,5,Single,3,7,18-20,1,Medium,Medium,Medium
186,21,Male,Graduate,India,4.9,Facebook,No,7.8,7,In Relationship,2,6,21-22,0,Medium,Low,Low
187,20,Female,Undergraduate,Nepal,5.9,TikTok,Yes,5.2,6,Single,4,8,18-20,6,High,Medium,High
188,22,Male,Graduate,Pakistan,4.3,Instagram,Yes,7.1,5,In Relationship,3,7,21-22,1,Medium,Medium,Medium
189,19,Female,Undergraduate,Sri Lanka,4.7,Facebook,No,7.9,7,Single,2,5,18-20,0,Low,Low,Low
190,21,Male,Graduate,Maldives,5.0,TikTok,Yes,5.1,6,In Relationship,4,8,21-22,6,High,Medium,High
191,20,Female,Undergraduate,Bangladesh,4.5,Instagram,Yes,7.2,5,Single,3,7,18-20,1,Medium,Medium,Medium
192,22,Male,Graduate,India,4.8,Facebook,No,8.0,7,In Relationship,2,6,21-22,0,Medium,Low,Low
193,19,Female,Undergraduate,Nepal,6.0,TikTok,Yes,5.0,6,Single,4,8,18-20,6,High,Medium,High
194,21,Male,Graduate,Pakistan,4.2,Instagram,Yes,7.3,5,In Relationship,3,7,21-22,1,Medium,Medium,Medium
195,20,Female,Undergraduate,Sri Lanka,4.6,Facebook,No,8.1,7,Single,2,5,18-20,0,Low,Low,Low
196,22,Male,Graduate,Maldives,4.9,TikTok,Yes,4.9,6,In Relationship,4,8,21-22,6,High,Medium,High
197,19,Female,Undergraduate,Bangladesh,4.4,Instagram,Yes,7.4,5,Single,3,7,18-20,1,Medium,Medium,Medium
198,21,Male,Graduate,India,4.7,Facebook,No,8.2,7,In Relationship,2,6,21-22,0,Medium,Low,Low
199,20,Female,Undergraduate,Nepal,6.1,TikTok,Yes,4.8,6,Single,4,8,18-20,6,High,Medium,High
200,22,Male,Graduate,Pakistan,4.1,Instagram,Yes,7.5,5,In Relationship,3,7,21-22,1,Medium,Medium,Medium
201,19,Female,Undergraduate,Sri Lanka,4.5,Facebook,No,8.3,7,Single,2,5,18-20,0,Low,Low,Low
202,21,Male,Graduate,Maldives,4.8,TikTok,Yes,4.7,6,In Relationship,4,8,21-22,6,High,Medium,High
203,20,Female,Undergraduate,Bangladesh,4.3,Instagram,Yes,7.6,5,Single,3,7,18-20,1,Medium,Medium,Medium
204,22,Male,Graduate,India,4.6,Facebook,No,8.4,7,In Relationship,2,6,21-22,0,Medium,Low,Low
205,19,Female,Undergraduate,Nepal,6.2,TikTok,Yes,4.6,6,Single,4,8,18-20,6,High,Medium,High
206,21,Male,Graduate,Pakistan,4.0,Instagram,Yes,7.7,5,In Relationship,3,7,21-22,1,Medium,Medium,Medium
207,20,Female,Undergraduate,Sri Lanka,4.4,Facebook,No,8.5,7,Single,2,5,18-20,0,Low,Low,Low
208,22,Male,Graduate,Maldives,4.7,TikTok,Yes,4.5,6,In Relationship,4,8,21-22,6,High,Medium,High
209,19,Female,Undergraduate,Bangladesh,4.2,Instagram,Yes,7.8,5,Single,3,7,18-20,1,Medium,Medium,Medium
210,21,Male,Graduate,India,4.5,Facebook,No,8.6,7,In Relationship,2,6,21-22,0,Medium,Low,Low
211,20,Female,Undergraduate,Nepal,6.3,TikTok,Yes,4.4,6,Single,4,8,18-20,6,High,Medium,High
212,22,Male,Graduate,Pakistan,3.9,Instagram,Yes,7.9,5,In Relationship,3,7,21-22,1,Medium,Medium,Medium
213,19,Female,Undergraduate,Sri Lanka,4.3,Facebook,No,8.7,7,Single,2,5,18-20,0,Low,Low,Low
214,21,Male,Graduate,Maldives,4.6,TikTok,Yes,4.3,6,In Relationship,4,8,21-22,6,High,Medium,High
215,20,Female,Undergraduate,Bangladesh,4.1,Instagram,Yes,8.0,5,Single,3,7,18-20,1,Medium,Medium,Medium
216,22,Male,Graduate,India,4.4,Facebook,No,8.8,7,In Relationship,2,6,21-22,0,Medium,Low,Low
217,19,Female,Undergraduate,Nepal,6.4,TikTok,Yes,4.2,6,Single,4,8,18-20,6,High,Medium,High
218,21,Male,Graduate,Pakistan,3.8,Instagram,Yes,8.1,5,In Relationship,3,7,21-22,1,Medium,Medium,Medium
219,20,Female,Undergraduate,Sri Lanka,4.2,Facebook,No,8.9,7,Single,2,5,18-20,0,Low,Low,Low
220,22,Male,Graduate,Maldives,4.5,TikTok,Yes,4.1,6,In Relationship,4,8,21-22,6,High,Medium,Medium
221,19,Female,Undergraduate,USA,6.5,Instagram,Yes,6.0,5,Single,4,9,18-20,1,Medium,Medium,High
222,21,Male,Graduate,UK,5.8,TikTok,Yes,6.5,6,In Relationship,3,7,21-22,6,Medium,Medium,Medium
223,20,Female,Undergraduate,Australia,4.5,Instagram,No,7.5,8,Single,2,5,18-20,1,Low,Low,Low
224,22,Male,Graduate,Germany,4.2,Facebook,No,7.8,7,In Relationship,2,4,21-22,0,Low,Low,Low
225,19,Female,Undergraduate,Japan,3.8,LINE,No,7.9,8,Single,1,3,18-20,3,Low,Low,Low
226,21,Male,Graduate,Italy,5.5,Instagram,Yes,6.8,6,Single,3,7,21-22,1,Medium,Medium,Medium
227,20,Female,Undergraduate,South Korea,5.2,KakaoTalk,Yes,6.5,6,In Relationship,3,6,18-20,2,Medium,Medium,Medium
228,22,Male,Graduate,Russia,4.8,VKontakte,No,7.2,7,Single,2,5,21-22,8,Low,Low,Low
229,19,Female,Undergraduate,USA,7.0,TikTok,Yes,5.8,4,In Relationship,4,9,18-20,6,Medium,Medium,High
230,21,Male,Graduate,UK,5.5,Instagram,Yes,6.7,6,Single,3,7,21-22,1,Medium,Medium,Medium
231,20,Female,Undergraduate,Australia,4.7,Facebook,No,7.4,7,In Relationship,2,5,18-20,0,Low,Low,Low
232,22,Male,Graduate,Germany,4.0,Instagram,No,7.9,8,Single,1,4,21-22,1,Low,Low,Low
233,19,Female,Undergraduate,Japan,3.5,LINE,No,8.0,8,Single,1,3,18-20,3,Low,Low,Low
234,21,Male,Graduate,Italy,5.7,TikTok,Yes,6.5,5,In Relationship,3,8,21-22,6,Medium,Medium,Medium
235,20,Female,Undergraduate,South Korea,5.0,KakaoTalk,Yes,6.8,6,Single,3,6,18-20,2,Medium,Medium,Medium
236,22,Male,Graduate,Russia,4.5,VKontakte,No,7.4,7,In Relationship,2,5,21-22,8,Low,Low,Low
237,19,Female,Undergraduate,USA,6.8,Instagram,Yes,5.9,4,Single,4,9,18-20,1,Medium,Medium,High
238,21,Male,Graduate,UK,5.6,Facebook,Yes,6.6,6,In Relationship,3,7,21-22,0,Medium,Medium,Medium
239,20,Female,Undergraduate,Australia,4.6,Instagram,No,7.3,7,Single,2,5,18-20,1,Low,Low,Low
240,22,Male,Graduate,Germany,4.1,Facebook,No,7.7,8,In Relationship,2,4,21-22,0,Low,Low,Low
241,19,Female,Undergraduate,Japan,3.7,LINE,No,7.8,8,Single,1,3,18-20,3,Low,Low,Low
242,21,Male,Graduate,Italy,5.4,Instagram,Yes,6.7,5,Single,3,7,21-22,1,Medium,Medium,Medium
243,20,Female,Undergraduate,South Korea,5.1,KakaoTalk,Yes,6.6,6,In Relationship,3,6,18-20,2,Medium,Medium,Medium
244,22,Male,Graduate,Russia,4.7,VKontakte,No,7.3,7,Single,2,5,21-22,8,Low,Low,Low
245,19,Female,Undergraduate,USA,6.9,TikTok,Yes,5.7,4,In Relationship,4,9,18-20,6,Medium,Medium,High
246,21,Male,Graduate,UK,5.7,Instagram,Yes,6.4,6,Single,3,7,21-22,1,Medium,Medium,Medium
247,20,Female,Undergraduate,Australia,4.8,Facebook,No,7.2,7,In Relationship,2,5,18-20,0,Low,Low,Low
248,22,Male,Graduate,Germany,3.9,Instagram,No,7.8,8,Single,1,4,21-22,1,Low,Low,Low
249,19,Female,Undergraduate,Japan,3.6,LINE,No,8.1,8,Single,1,3,18-20,3,Low,Low,Low
250,21,Male,Graduate,Italy,5.6,TikTok,Yes,6.6,5,In Relationship,3,8,21-22,6,Medium,Medium,Medium
251,20,Female,Undergraduate,South Korea,4.9,KakaoTalk,Yes,6.9,6,Single,3,6,18-20,2,Medium,Medium,Medium
252,22,Male,Graduate,Russia,4.6,VKontakte,No,7.5,7,In Relationship,2,5,21-22,8,Low,Low,Low
253,19,Female,Undergraduate,USA,6.7,Instagram,Yes,5.8,4,Single,4,9,18-20,1,Medium,Medium,Medium
254,21,Male,Graduate,UK,5.4,Facebook,Yes,6.5,6,In Relationship,3,7,21-22,0,Medium,Medium,Medium
255,20,Female,Undergraduate,Australia,4.4,Instagram,No,7.4,7,Single,2,5,18-20,1,Low,Low,Low
256,22,Male,Graduate,Germany,4.0,Facebook,No,7.6,8,In Relationship,2,4,21-22,0,Low,Low,Low
257,19,Female,Undergraduate,Japan,3.4,LINE,No,8.2,8,Single,1,3,18-20,3,Low,Low,Low
258,21,Male,Graduate,Italy,5.3,Instagram,Yes,6.8,5,Single,3,7,21-22,1,Medium,Medium,Medium
259,20,Female,Undergraduate,South Korea,5.0,KakaoTalk,Yes,6.7,6,In Relationship,3,6,18-20,2,Medium,Medium,Medium
260,22,Male,Graduate,Russia,4.4,VKontakte,No,7.6,7,Single,2,5,21-22,8,Low,Low,Low
261,19,Female,Undergraduate,USA,6.6,TikTok,Yes,5.6,4,In Relationship,4,9,18-20,6,Medium,Medium,High
262,21,Male,Graduate,UK,5.3,Instagram,Yes,6.3,6,Single,3,7,21-22,1,Medium,Medium,Medium
263,20,Female,Undergraduate,Australia,4.3,Facebook,No,7.5,7,In Relationship,2,5,18-20,0,Low,Low,Low
264,22,Male,Graduate,Germany,3.8,Instagram,No,7.7,8,Single,1,4,21-22,1,Low,Low,Low
265,19,Female,Undergraduate,Japan,3.3,LINE,No,8.3,8,Single,1,3,18-20,3,Low,Low,Low
266,21,Male,Graduate,Italy,5.2,TikTok,Yes,6.9,5,In Relationship,3,8,21-22,6,Medium,Medium,Medium
267,20,Female,Undergraduate,South Korea,4.8,KakaoTalk,Yes,7.0,6,Single,3,6,18-20,2,Medium,Medium,Medium
268,22,Male,Graduate,Russia,4.3,VKontakte,No,7.7,7,In Relationship,2,5,21-22,8,Low,Low,Low
269,19,Female,Undergraduate,USA,6.4,Instagram,Yes,5.7,4,Single,4,9,18-20,1,Medium,Medium,High
270,21,Male,Graduate,UK,5.2,Facebook,Yes,6.4,6,In Relationship,3,7,21-22,0,Medium,Medium,Medium
271,20,Female,Undergraduate,Australia,4.5,Instagram,No,7.3,7,Single,2,5,18-20,1,Low,Low,Low
272,22,Male,Graduate,Germany,3.7,Facebook,No,7.8,8,In Relationship,1,4,21-22,0,Low,Low,Low
273,19,Female,Undergraduate,Japan,3.2,LINE,No,8.4,8,Single,1,3,18-20,3,Low,Low,Low
274,21,Male,Graduate,Italy,5.4,Instagram,Yes,6.7,5,Single,3,7,21-22,1,Medium,Medium,Medium
275,20,Female,Undergraduate,South Korea,4.7,KakaoTalk,Yes,7.1,6,In Relationship,3,6,18-20,2,Medium,Medium,Medium
276,22,Male,Graduate,Russia,4.2,VKontakte,No,7.8,7,Single,2,5,21-22,8,Low,Low,Low
277,19,Female,Undergraduate,USA,6.6,TikTok,Yes,5.5,4,In Relationship,4,9,18-20,6,High,Medium,High
278,21,Male,Graduate,UK,5.1,Instagram,Yes,6.5,6,Single,3,7,21-22,1,Medium,Medium,Medium
279,20,Female,Undergraduate,Australia,4.4,Facebook,No,7.4,7,In Relationship,2,5,18-20,0,Low,Low,Low
280,22,Male,Graduate,Germany,3.6,Instagram,No,7.9,8,Single,1,4,21-22,1,Low,Low,Low
281,19,Female,Undergraduate,Japan,3.1,LINE,No,8.5,8,Single,1,3,18-20,3,Low,Low,Low
282,21,Male,Graduate,Italy,5.3,TikTok,Yes,6.8,5,In Relationship,3,8,21-22,6,Medium,Medium,Medium
283,20,Female,Undergraduate,South Korea,4.6,KakaoTalk,Yes,7.2,6,Single,3,6,18-20,2,Medium,Medium,Medium
284,22,Male,Graduate,Russia,4.1,VKontakte,No,7.9,7,In Relationship,2,5,21-22,8,Low,Low,Low
285,19,Female,Undergraduate,USA,6.7,Instagram,Yes,5.4,4,Single,4,9,18-20,1,High,Medium,Medium
286,21,Male,Graduate,UK,5.0,Facebook,Yes,6.6,6,In Relationship,3,7,21-22,0,Medium,Medium,Medium
287,20,Female,Undergraduate,Australia,4.3,Instagram,No,7.5,7,Single,2,5,18-20,1,Low,Low,Low
288,22,Male,Graduate,Germany,3.5,Facebook,No,8.0,8,In Relationship,1,4,21-22,0,Low,Low,Low
289,19,Female,Undergraduate,Japan,3.0,LINE,No,8.6,8,Single,1,3,18-20,3,Low,Low,Low
290,21,Male,Graduate,Italy,5.2,Instagram,Yes,6.9,5,Single,3,7,21-22,1,Medium,Medium,Medium
291,20,Female,Undergraduate,South Korea,4.5,KakaoTalk,Yes,7.3,6,In Relationship,3,6,18-20,2,Medium,Medium,Medium
292,22,Male,Graduate,Russia,4.0,VKontakte,No,8.0,7,Single,2,5,21-22,8,Low,Low,Low
293,19,Female,Undergraduate,USA,6.8,TikTok,Yes,5.3,4,In Relationship,4,9,18-20,6,High,Medium,High
294,21,Male,Graduate,UK,4.9,Instagram,Yes,6.7,6,Single,3,7,21-22,1,Medium,Medium,Medium
295,20,Female,Undergraduate,Australia,4.2,Facebook,No,7.6,7,In Relationship,2,5,18-20,0,Low,Low,Low
296,22,Male,Graduate,Germany,3.4,Instagram,No,8.1,8,Single,1,4,21-22,1,Low,Low,Low
297,19,Female,Undergraduate,Japan,2.9,LINE,No,8.7,8,Single,1,3,18-20,3,Low,Low,Low
298,21,Male,Graduate,Italy,5.1,TikTok,Yes,7.0,5,In Relationship,3,8,21-22,6,Medium,Medium,Medium
299,20,Female,Undergraduate,South Korea,4.4,KakaoTalk,Yes,7.4,6,Single,3,6,18-20,2,Medium,Medium,Medium
300,22,Male,Graduate,Russia,3.9,VKontakte,No,8.1,7,In Relationship,2,5,21-22,8,Low,Low,Low
301,19,Female,Undergraduate,USA,6.9,Instagram,Yes,5.2,4,Single,4,9,18-20,1,High,Medium,High
302,21,Male,Graduate,UK,4.8,Facebook,Yes,6.8,6,In Relationship,3,7,21-22,0,Medium,Medium,Medium
303,20,Female,Undergraduate,Australia,4.1,Instagram,No,7.7,7,Single,2,5,18-20,1,Low,Low,Low
304,22,Male,Graduate,Germany,3.3,Facebook,No,8.2,8,In Relationship,1,4,21-22,0,Low,Low,Low
305,19,Female,Undergraduate,Japan,2.8,LINE,No,8.8,8,Single,1,3,18-20,3,Low,Low,Low
306,21,Male,Graduate,Italy,5.0,Instagram,Yes,7.1,5,Single,3,7,21-22,1,Medium,Medium,Medium
307,20,Female,Undergraduate,South Korea,4.3,KakaoTalk,Yes,7.5,6,In Relationship,3,6,18-20,2,Medium,Medium,Medium
308,22,Male,Graduate,Russia,3.8,VKontakte,No,8.2,7,Single,2,5,21-22,8,Low,Low,Low
309,19,Female,Undergraduate,USA,7.0,TikTok,Yes,5.1,4,In Relationship,4,9,18-20,6,High,Medium,High
310,21,Male,Graduate,UK,4.7,Instagram,Yes,6.9,6,Single,3,7,21-22,1,Medium,Medium,Medium
311,20,Female,Undergraduate,Australia,4.0,Facebook,No,7.8,7,In Relationship,2,5,18-20,0,Low,Low,Low
312,22,Male,Graduate,Germany,3.2,Instagram,No,8.3,8,Single,1,4,21-22,1,Low,Low,Low
313,19,Female,Undergraduate,Japan,2.7,LINE,No,8.9,8,Single,1,3,18-20,3,Low,Low,Low
314,21,Male,Graduate,Italy,4.9,TikTok,Yes,7.2,5,In Relationship,3,8,21-22,6,Medium,Medium,Medium
315,20,Female,Undergraduate,South Korea,4.2,KakaoTalk,Yes,7.6,6,Single,3,6,18-20,2,Medium,Medium,Medium
316,22,Male,Graduate,Russia,3.7,VKontakte,No,8.3,7,In Relationship,2,5,21-22,8,Low,Low,Low
317,19,Female,Undergraduate,USA,7.1,Instagram,Yes,5.0,4,Single,4,9,18-20,1,High,Medium,High
318,21,Male,Graduate,UK,4.6,Facebook,Yes,7.0,6,In Relationship,3,7,21-22,0,Medium,Medium,Medium
319,20,Female,Undergraduate,Australia,3.9,Instagram,No,7.9,7,Single,2,5,18-20,1,Low,Low,Low
320,22,Male,Graduate,Germany,3.1,Facebook,No,8.4,8,In Relationship,1,4,21-22,0,Low,Low,Low
321,19,Female,Undergraduate,Spain,5.2,Instagram,Yes,6.8,6,Single,3,7,18-20,1,Medium,Medium,Medium
322,21,Male,Graduate,Denmark,4.1,Facebook,No,7.8,8,In Relationship,2,4,21-22,0,Low,Low,Low
323,20,Female,Undergraduate,Ireland,5.0,Instagram,Yes,7.0,7,Single,3,6,18-20,1,Medium,Medium,Medium
324,22,Male,Graduate,India,5.8,WhatsApp,Yes,6.5,5,In Relationship,4,8,21-22,10,Medium,Medium,High
325,19,Female,Undergraduate,Switzerland,4.0,Instagram,No,7.9,8,Single,2,4,18-20,1,Low,Low,Low
326,21,Male,Graduate,Turkey,5.5,Instagram,Yes,6.7,6,Single,3,7,21-22,1,Medium,Medium,Medium
327,20,Female,Undergraduate,USA,6.8,TikTok,Yes,5.5,5,In Relationship,4,9,18-20,6,High,Medium,High
328,22,Male,Graduate,Mexico,5.6,WhatsApp,Yes,6.6,6,Single,3,7,21-22,10,Medium,Medium,Medium
329,19,Female,Undergraduate,France,4.5,Instagram,No,7.5,7,In Relationship,2,5,18-20,1,Low,Low,Low
330,21,Male,Graduate,Canada,5.3,Instagram,Yes,6.9,6,Single,3,7,21-22,1,Medium,Medium,Medium
331,20,Female,Undergraduate,Spain,5.1,TikTok,Yes,6.7,6,Single,3,7,18-20,6,Medium,Medium,Medium
332,22,Male,Graduate,Denmark,3.9,Facebook,No,7.9,8,In Relationship,2,4,21-22,0,Low,Low,Low
333,19,Female,Undergraduate,Ireland,4.8,Instagram,Yes,7.1,7,Single,3,6,18-20,1,Medium,Medium,Medium
334,21,Male,Graduate,India,5.9,WhatsApp,Yes,6.4,5,In Relationship,4,8,21-22,10,Medium,Medium,High
335,20,Female,Undergraduate,Switzerland,3.8,Instagram,No,8.0,8,Single,2,4,18-20,1,Low,Low,Low
336,22,Male,Graduate,Turkey,5.4,TikTok,Yes,6.8,6,Single,3,7,21-22,6,Medium,Medium,Medium
337,19,Female,Undergraduate,USA,6.9,Instagram,Yes,5.4,5,In Relationship,4,9,18-20,1,High,Medium,High
338,21,Male,Graduate,Mexico,5.7,WhatsApp,Yes,6.5,6,Single,3,7,21-22,10,Medium,Medium,Medium
339,20,Female,Undergraduate,France,4.4,Instagram,No,7.6,7,In Relationship,2,5,18-20,1,Low,Low,Low
340,22,Male,Graduate,Canada,5.2,TikTok,Yes,7.0,6,Single,3,7,21-22,6,Medium,Medium,Medium
341,19,Female,Undergraduate,Spain,5.0,Instagram,Yes,6.9,6,Single,3,7,18-20,1,Medium,Medium,Medium
342,21,Male,Graduate,Denmark,3.8,Facebook,No,8.0,8,In Relationship,2,4,21-22,0,Low,Low,Low
343,20,Female,Undergraduate,Ireland,4.7,TikTok,Yes,7.2,7,Single,3,6,18-20,6,Medium,Medium,Medium
344,22,Male,Graduate,India,6.0,WhatsApp,Yes,6.3,5,In Relationship,4,8,21-22,10,Medium,Medium,High
345,19,Female,Undergraduate,Switzerland,3.7,Instagram,No,8.1,8,Single,2,4,18-20,1,Low,Low,Low
346,21,Male,Graduate,Turkey,5.3,Instagram,Yes,6.9,6,Single,3,7,21-22,1,Medium,Medium,Medium
347,20,Female,Undergraduate,USA,7.0,TikTok,Yes,5.3,5,In Relationship,4,9,18-20,6,High,Medium,High
348,22,Male,Graduate,Mexico,5.8,WhatsApp,Yes,6.4,6,Single,3,7,21-22,10,Medium,Medium,Medium
349,19,Female,Undergraduate,France,4.3,Instagram,No,7.7,7,In Relationship,2,5,18-20,1,Low,Low,Low
350,21,Male,Graduate,Canada,5.1,Instagram,Yes,7.1,6,Single,3,7,21-22,1,Medium,Medium,Medium
351,20,Female,Undergraduate,Spain,4.9,TikTok,Yes,7.0,6,Single,3,7,18-20,6,Medium,Medium,Medium
352,22,Male,Graduate,Denmark,3.7,Facebook,No,8.1,8,In Relationship,2,4,21-22,0,Low,Low,Low
353,19,Female,Undergraduate,Ireland,4.6,Instagram,Yes,7.3,7,Single,3,6,18-20,1,Medium,Medium,Medium
354,21,Male,Graduate,India,6.1,WhatsApp,Yes,6.2,5,In Relationship,4,8,21-22,10,Medium,Medium,High
355,20,Female,Undergraduate,Switzerland,3.6,Instagram,No,8.2,8,Single,2,4,18-20,1,Low,Low,Low
356,22,Male,Graduate,Turkey,5.2,TikTok,Yes,7.0,6,Single,3,7,21-22,6,Medium,Medium,Medium
357,19,Female,Undergraduate,USA,7.1,Instagram,Yes,5.2,5,In Relationship,4,9,18-20,1,High,Medium,High
358,21,Male,Graduate,Mexico,5.9,WhatsApp,Yes,6.3,6,Single,3,7,21-22,10,Medium,Medium,Medium
359,20,Female,Undergraduate,France,4.2,Instagram,No,7.8,7,In Relationship,2,5,18-20,1,Low,Low,Low
360,22,Male,Graduate,Canada,5.0,TikTok,Yes,7.2,6,Single,3,7,21-22,6,Medium,Medium,Medium
361,19,Female,Undergraduate,Spain,4.8,Instagram,Yes,7.1,6,Single,3,7,18-20,1,Medium,Medium,Medium
362,21,Male,Graduate,Denmark,3.6,Facebook,No,8.2,8,In Relationship,2,4,21-22,0,Low,Low,Low
363,20,Female,Undergraduate,Ireland,4.5,TikTok,Yes,7.4,7,Single,3,6,18-20,6,Medium,Medium,Medium
364,22,Male,Graduate,India,6.2,WhatsApp,Yes,6.1,5,In Relationship,4,8,21-22,10,Medium,Medium,High
365,19,Female,Undergraduate,Switzerland,3.5,Instagram,No,8.3,8,Single,2,4,18-20,1,Low,Low,Low
366,21,Male,Graduate,Turkey,5.1,Instagram,Yes,7.1,6,Single,3,7,21-22,1,Medium,Medium,Medium
367,20,Female,Undergraduate,USA,7.2,TikTok,Yes,5.1,5,In Relationship,4,9,18-20,6,High,Medium,High
368,22,Male,Graduate,Mexico,6.0,WhatsApp,Yes,6.2,6,Single,3,7,21-22,10,Medium,Medium,Medium
369,19,Female,Undergraduate,France,4.1,Instagram,No,7.9,7,In Relationship,2,5,18-20,1,Low,Low,Low
370,21,Male,Graduate,Canada,4.9,Instagram,Yes,7.3,6,Single,3,7,21-22,1,Medium,Medium,Medium
371,20,Female,Undergraduate,Spain,4.7,TikTok,Yes,7.2,6,Single,3,7,18-20,6,Medium,Medium,Medium
372,22,Male,Graduate,Denmark,3.5,Facebook,No,8.3,8,In Relationship,2,4,21-22,0,Low,Low,Low
373,19,Female,Undergraduate,Ireland,4.4,Instagram,Yes,7.5,7,Single,3,6,18-20,1,Medium,Medium,Medium
374,21,Male,Graduate,India,6.3,WhatsApp,Yes,6.0,5,In Relationship,4,8,21-22,10,Medium,Medium,High
375,20,Female,Undergraduate,Switzerland,3.4,Instagram,No,8.4,8,Single,2,4,18-20,1,Low,Low,Low
376,22,Male,Graduate,Turkey,5.0,TikTok,Yes,7.2,6,Single,3,7,21-22,6,Medium,Medium,Medium
377,19,Female,Undergraduate,USA,7.3,Instagram,Yes,5.0,5,In Relationship,4,9,18-20,1,High,Medium,High
378,21,Male,Graduate,Mexico,6.1,WhatsApp,Yes,6.1,6,Single,3,7,21-22,10,Medium,Medium,Medium
379,20,Female,Undergraduate,France,4.0,Instagram,No,8.0,7,In Relationship,2,5,18-20,1,Low,Low,Low
380,22,Male,Graduate,Canada,4.8,TikTok,Yes,7.4,6,Single,3,7,21-22,6,Medium,Medium,Medium
381,19,Female,Undergraduate,Spain,4.6,Instagram,Yes,7.3,6,Single,3,7,18-20,1,Medium,Medium,Medium
382,21,Male,Graduate,Denmark,3.4,Facebook,No,8.4,8,In Relationship,2,4,21-22,0,Low,Low,Low
383,20,Female,Undergraduate,Ireland,4.3,TikTok,Yes,7.6,7,Single,3,6,18-20,6,Medium,Medium,Medium
384,22,Male,Graduate,India,6.4,WhatsApp,Yes,5.9,5,In Relationship,4,8,21-22,10,Medium,Medium,High
385,19,Female,Undergraduate,Switzerland,3.3,Instagram,No,8.5,8,Single,2,4,18-20,1,Low,Low,Low
386,21,Male,Graduate,Turkey,4.9,Instagram,Yes,7.3,6,Single,3,7,21-22,1,Medium,Medium,Medium
387,20,Female,Undergraduate,USA,7.4,TikTok,Yes,4.9,5,In Relationship,4,9,18-20,6,High,High,High
388,22,Male,Graduate,Mexico,6.2,WhatsApp,Yes,6.0,6,Single,3,7,21-22,10,Medium,Medium,Medium
389,19,Female,Undergraduate,France,3.9,Instagram,No,8.1,7,In Relationship,2,5,18-20,1,Low,Low,Low
390,21,Male,Graduate,Canada,4.7,Instagram,Yes,7.5,6,Single,3,7,21-22,1,Medium,Medium,Medium
391,20,Female,Undergraduate,Spain,4.5,TikTok,Yes,7.4,6,Single,3,7,18-20,6,Medium,Medium,Medium
392,22,Male,Graduate,Denmark,3.3,Facebook,No,8.5,8,In Relationship,2,4,21-22,0,Low,Low,Low
393,19,Female,Undergraduate,Ireland,4.2,Instagram,Yes,7.7,7,Single,3,6,18-20,1,Medium,Medium,Medium
394,21,Male,Graduate,India,6.5,WhatsApp,Yes,5.8,5,In Relationship,4,8,21-22,10,Medium,Medium,High
395,20,Female,Undergraduate,Switzerland,3.2,Instagram,No,8.6,8,Single,2,4,18-20,1,Low,Low,Low
396,22,Male,Graduate,Turkey,4.8,TikTok,Yes,7.4,6,Single,3,7,21-22,6,Medium,Medium,Medium
397,19,Female,Undergraduate,USA,7.5,Instagram,Yes,4.8,5,In Relationship,4,9,18-20,1,High,High,High
398,21,Male,Graduate,Mexico,6.3,WhatsApp,Yes,5.9,6,Single,3,7,21-22,10,Medium,Medium,Medium
399,20,Female,Undergraduate,France,3.8,Instagram,No,8.2,7,In Relationship,2,5,18-20,1,Low,Low,Low
400,22,Male,Graduate,Canada,4.6,TikTok,Yes,7.6,6,Single,3,7,21-22,6,Medium,Medium,Medium
401,19,Female,Undergraduate,Spain,4.4,Instagram,Yes,7.5,6,Single,3,7,18-20,1,Medium,Medium,Medium
402,21,Male,Graduate,Denmark,3.2,Facebook,No,8.6,8,In Relationship,2,4,21-22,0,Low,Low,Low
403,20,Female,Undergraduate,Ireland,4.1,TikTok,Yes,7.8,7,Single,3,6,18-20,6,Medium,Medium,Medium
404,22,Male,Graduate,India,6.6,WhatsApp,Yes,5.7,5,In Relationship,4,8,21-22,10,Medium,Medium,High
405,19,Female,Undergraduate,Switzerland,3.1,Instagram,No,8.7,8,Single,2,4,18-20,1,Low,Low,Low
406,21,Male,Graduate,Turkey,4.7,Instagram,Yes,7.5,6,Single,3,7,21-22,1,Medium,Medium,Medium
407,20,Female,Undergraduate,USA,7.6,TikTok,Yes,4.7,5,In Relationship,4,9,18-20,6,High,High,High
408,22,Male,Graduate,Mexico,6.4,WhatsApp,Yes,5.8,6,Single,3,7,21-22,10,Medium,Medium,Medium
409,19,Female,Undergraduate,France,3.7,Instagram,No,8.3,7,In Relationship,2,5,18-20,1,Low,Low,Low
410,21,Male,Graduate,Canada,4.5,Instagram,Yes,7.7,6,Single,3,7,21-22,1,Medium,Medium,Medium
411,20,Female,Undergraduate,Spain,4.3,TikTok,Yes,7.6,6,Single,3,7,18-20,6,Medium,Medium,Medium
412,22,Male,Graduate,Denmark,3.1,Facebook,No,8.7,8,In Relationship,2,4,21-22,0,Low,Low,Low
413,19,Female,Undergraduate,Ireland,4.0,Instagram,Yes,7.9,7,Single,3,6,18-20,1,Medium,Medium,Medium
414,21,Male,Graduate,India,6.7,WhatsApp,Yes,5.6,5,In Relationship,4,8,21-22,10,Medium,Medium,High
415,20,Female,Undergraduate,Switzerland,3.0,Instagram,No,8.8,8,Single,2,4,18-20,1,Low,Low,Low
416,22,Male,Graduate,Turkey,4.6,TikTok,Yes,7.6,6,Single,3,7,21-22,6,Medium,Medium,Medium
417,19,Female,Undergraduate,USA,7.7,Instagram,Yes,4.6,5,In Relationship,4,9,18-20,1,High,High,High
418,21,Male,Graduate,Mexico,6.5,WhatsApp,Yes,5.7,6,Single,3,7,21-22,10,Medium,Medium,Medium
419,20,Female,Undergraduate,France,3.6,Instagram,No,8.4,7,In Relationship,2,5,18-20,1,Low,Low,Low
420,22,Male,Graduate,Canada,4.4,TikTok,Yes,7.8,6,Single,3,7,21-22,6,Medium,Medium,Medium
421,19,Female,Undergraduate,Spain,4.2,Instagram,Yes,7.7,6,Single,3,7,18-20,1,Medium,Medium,Medium
422,21,Male,Graduate,Denmark,3.0,Facebook,No,8.8,8,In Relationship,2,4,21-22,0,Low,Low,Low
423,20,Female,Undergraduate,Ireland,3.9,TikTok,Yes,8.0,7,Single,3,6,18-20,6,Medium,Medium,Medium
424,22,Male,Graduate,India,6.8,WhatsApp,Yes,5.5,5,In Relationship,4,8,21-22,10,High,Medium,High
425,19,Female,Undergraduate,Switzerland,2.9,Instagram,No,8.9,8,Single,2,4,18-20,1,Low,Low,Low
426,21,Male,Graduate,Turkey,4.5,Instagram,Yes,7.7,6,Single,3,7,21-22,1,Medium,Medium,Medium
427,20,Female,Undergraduate,USA,7.8,TikTok,Yes,4.5,5,In Relationship,4,9,18-20,6,High,High,High
428,22,Male,Graduate,Mexico,6.6,WhatsApp,Yes,5.6,6,Single,3,7,21-22,10,Medium,Medium,Medium
429,19,Female,Undergraduate,France,3.5,Instagram,No,8.5,7,In Relationship,2,5,18-20,1,Low,Low,Low
430,21,Male,Graduate,Canada,4.3,Instagram,Yes,7.9,6,Single,3,7,21-22,1,Medium,Medium,Medium
431,20,Female,Undergraduate,Spain,4.1,TikTok,Yes,7.8,6,Single,3,7,18-20,6,Medium,Medium,Medium
432,22,Male,Graduate,Denmark,2.9,Facebook,No,8.9,8,In Relationship,2,4,21-22,0,Low,Low,Low
433,19,Female,Undergraduate,Ireland,3.8,Instagram,Yes,8.1,7,Single,3,6,18-20,1,Medium,Medium,Medium
434,21,Male,Graduate,India,6.9,WhatsApp,Yes,5.4,5,In Relationship,4,8,21-22,10,High,Medium,High
435,20,Female,Undergraduate,Switzerland,2.8,Instagram,No,9.0,8,Single,2,4,18-20,1,Low,Low,Low
436,22,Male,Graduate,Turkey,4.4,TikTok,Yes,7.8,6,Single,3,7,21-22,6,Medium,Medium,Medium
437,19,Female,Undergraduate,USA,7.9,Instagram,Yes,4.4,5,In Relationship,4,9,18-20,1,High,High,High
438,21,Male,Graduate,Mexico,6.7,WhatsApp,Yes,5.5,6,Single,3,7,21-22,10,High,Medium,Medium
439,20,Female,Undergraduate,France,3.4,Instagram,No,8.6,7,In Relationship,2,5,18-20,1,Low,Low,Low
440,22,Male,Graduate,Canada,4.2,TikTok,Yes,8.0,6,Single,3,7,21-22,6,Medium,Medium,Medium
441,19,Female,Undergraduate,Spain,4.0,Instagram,Yes,7.9,6,Single,3,7,18-20,1,Medium,Medium,Medium
442,21,Male,Graduate,Denmark,2.8,Facebook,No,9.0,8,In Relationship,2,4,21-22,0,Low,Low,Low
443,20,Female,Undergraduate,Ireland,3.7,TikTok,Yes,8.2,7,Single,3,6,18-20,6,Medium,Medium,Medium
444,22,Male,Graduate,India,7.0,WhatsApp,Yes,5.3,5,In Relationship,4,8,21-22,10,High,Medium,High
445,19,Female,Undergraduate,Switzerland,2.7,Instagram,No,9.1,8,Single,2,4,18-20,1,Low,Low,Low
446,21,Male,Graduate,Turkey,4.3,Instagram,Yes,7.9,6,Single,3,7,21-22,1,Medium,Medium,Medium
447,20,Female,Undergraduate,USA,8.0,TikTok,Yes,4.3,5,In Relationship,4,9,18-20,6,High,High,High
448,22,Male,Graduate,Mexico,6.8,WhatsApp,Yes,5.4,6,Single,3,7,21-22,10,High,Medium,Medium
449,19,Female,Undergraduate,France,3.3,Instagram,No,8.7,7,In Relationship,2,5,18-20,1,Low,Low,Low
450,21,Male,Graduate,Canada,4.1,Instagram,Yes,8.1,6,Single,3,7,21-22,1,Medium,Medium,Medium
451,20,Female,Undergraduate,Spain,3.9,TikTok,Yes,8.0,6,Single,3,7,18-20,6,Medium,Medium,Medium
452,22,Male,Graduate,Denmark,2.7,Facebook,No,9.1,8,In Relationship,2,4,21-22,0,Low,Low,Low
453,19,Female,Undergraduate,Ireland,3.6,Instagram,Yes,8.3,7,Single,3,6,18-20,1,Medium,Medium,Medium
454,21,Male,Graduate,India,7.1,WhatsApp,Yes,5.2,5,In Relationship,4,8,21-22,10,High,Medium,High
455,20,Female,Undergraduate,Switzerland,2.6,Instagram,No,9.2,8,Single,2,4,18-20,1,Low,Low,Low
456,22,Male,Graduate,Turkey,4.2,TikTok,Yes,8.0,6,Single,3,7,21-22,6,Medium,Medium,Medium
457,19,Female,Undergraduate,USA,8.1,Instagram,Yes,4.2,5,In Relationship,4,9,18-20,1,High,High,High
458,21,Male,Graduate,Mexico,6.9,WhatsApp,Yes,5.3,6,Single,3,7,21-22,10,High,Medium,Medium
459,20,Female,Undergraduate,France,3.2,Instagram,No,8.8,7,In Relationship,2,5,18-20,1,Low,Low,Low
460,22,Male,Graduate,Canada,4.0,TikTok,Yes,8.2,6,Single,3,7,21-22,6,Medium,Medium,Medium
461,19,Female,Undergraduate,Spain,3.8,Instagram,Yes,8.1,6,Single,3,7,18-20,1,Medium,Medium,Medium
462,21,Male,Graduate,Denmark,2.6,Facebook,No,9.2,8,In Relationship,2,4,21-22,0,Low,Low,Low
463,20,Female,Undergraduate,Ireland,3.5,TikTok,Yes,8.4,7,Single,3,6,18-20,6,Medium,Medium,Medium
464,22,Male,Graduate,India,7.2,WhatsApp,Yes,5.1,5,In Relationship,4,8,21-22,10,High,Medium,High
465,19,Female,Undergraduate,Switzerland,2.5,Instagram,No,9.3,8,Single,2,4,18-20,1,Low,Low,Low
466,21,Male,Graduate,Turkey,4.1,Instagram,Yes,8.1,6,Single,3,7,21-22,1,Medium,Medium,Medium
467,20,Female,Undergraduate,USA,8.2,TikTok,Yes,4.1,5,In Relationship,4,9,18-20,6,High,High,High
468,22,Male,Graduate,Mexico,7.0,WhatsApp,Yes,5.2,6,Single,3,7,21-22,10,High,Medium,Medium
469,19,Female,Undergraduate,France,3.1,Instagram,No,8.9,7,In Relationship,2,5,18-20,1,Low,Low,Low
470,21,Male,Graduate,Canada,3.9,Instagram,Yes,8.3,6,Single,3,7,21-22,1,Medium,Medium,Medium
471,20,Female,Undergraduate,Spain,3.7,TikTok,Yes,8.2,6,Single,3,7,18-20,6,Medium,Medium,Medium
472,22,Male,Graduate,Denmark,2.5,Facebook,No,9.3,8,In Relationship,2,4,21-22,0,Low,Low,Low
473,19,Female,Undergraduate,Ireland,3.4,Instagram,Yes,8.5,7,Single,3,6,18-20,1,Medium,Medium,Medium
474,21,Male,Graduate,India,7.3,WhatsApp,Yes,5.0,5,In Relationship,4,8,21-22,10,High,Medium,High
475,20,Female,Undergraduate,Switzerland,2.4,Instagram,No,9.4,8,Single,2,4,18-20,1,Low,Low,Low
476,22,Male,Graduate,Turkey,4.0,TikTok,Yes,8.2,6,Single,3,7,21-22,6,Medium,Medium,Medium
477,19,Female,Undergraduate,USA,8.3,Instagram,Yes,4.0,5,In Relationship,4,9,18-20,1,High,High,High
478,21,Male,Graduate,Mexico,7.1,WhatsApp,Yes,5.1,6,Single,3,7,21-22,10,High,Medium,Medium
479,20,Female,Undergraduate,France,3.0,Instagram,No,9.0,7,In Relationship,2,5,18-20,1,Low,Low,Low
480,22,Male,Graduate,Canada,3.8,TikTok,Yes,8.4,6,Single,3,7,21-22,6,Medium,Medium,Medium
481,19,Female,Undergraduate,Spain,3.6,Instagram,Yes,8.3,6,Single,3,7,18-20,1,Medium,Medium,Medium
482,21,Male,Graduate,Denmark,2.4,Facebook,No,9.4,8,In Relationship,2,4,21-22,0,Low,Low,Low
483,20,Female,Undergraduate,Ireland,3.3,TikTok,Yes,8.6,7,Single,3,6,18-20,6,Medium,Medium,Medium
484,22,Male,Graduate,India,7.4,WhatsApp,Yes,4.9,5,In Relationship,4,8,21-22,10,High,High,High
485,19,Female,Undergraduate,Switzerland,2.3,Instagram,No,9.5,8,Single,2,4,18-20,1,Low,Low,Low
486,21,Male,Graduate,Turkey,3.9,Instagram,Yes,8.3,6,Single,3,7,21-22,1,Medium,Medium,Medium
488,22,Male,Graduate,Mexico,7.2,WhatsApp,Yes,5.0,6,Single,3,7,21-22,10,High,Medium,Medium
489,19,Female,Undergraduate,France,2.9,Instagram,No,9.1,7,In Relationship,2,5,18-20,1,Low,Low,Low
490,21,Male,Graduate,Canada,3.7,Instagram,Yes,8.5,6,Single,3,7,21-22,1,Medium,Medium,Medium
491,20,Female,Undergraduate,Spain,3.5,TikTok,Yes,8.4,6,Single,3,7,18-20,6,Medium,Medium,Medium
492,22,Male,Graduate,Denmark,2.3,Facebook,No,9.5,8,In Relationship,2,4,21-22,0,Low,Low,Low
493,19,Female,Undergraduate,Ireland,3.2,Instagram,Yes,8.7,7,Single,3,6,18-20,1,Medium,Medium,Medium
494,21,Male,Graduate,India,7.5,WhatsApp,Yes,4.8,5,In Relationship,4,8,21-22,10,High,High,High
495,20,Female,Undergraduate,Switzerland,2.2,Instagram,No,9.6,8,Single,2,4,18-20,1,Low,Low,Low
496,22,Male,Graduate,Turkey,3.8,TikTok,Yes,8.4,6,Single,3,7,21-22,6,Medium,Medium,Medium
498,21,Male,Graduate,Mexico,7.3,WhatsApp,Yes,4.9,6,Single,3,7,21-22,10,High,Medium,Medium
499,20,Female,Undergraduate,France,2.8,Instagram,No,9.2,7,In Relationship,2,5,18-20,1,Low,Low,Low
500,22,Male,Graduate,Canada,3.6,TikTok,Yes,8.6,6,Single,3,7,21-22,6,Medium,Medium,Medium
501,19,Female,Undergraduate,Brazil,6.2,WhatsApp,Yes,6.3,6,Single,3,7,18-20,10,Medium,Medium,Medium
502,21,Male,Graduate,China,4.5,WeChat,No,7.8,7,In Relationship,2,5,21-22,9,Low,Low,Low
503,20,Female,Undergraduate,Netherlands,3.8,Instagram,No,8.2,8,Single,2,4,18-20,1,Low,Low,Low
504,22,Male,Graduate,New Zealand,4.7,Instagram,Yes,7.5,7,In Relationship,3,6,21-22,1,Medium,Medium,Medium
505,19,Female,Undergraduate,Singapore,5.1,TikTok,Yes,7.0,6,Single,3,7,18-20,6,Medium,Medium,Medium
506,21,Male,Graduate,Malaysia,5.5,WhatsApp,Yes,6.8,6,Single,3,7,21-22,10,Medium,Medium,Medium
507,20,Female,Undergraduate,UAE,6.5,Instagram,Yes,6.5,5,In Relationship,4,8,18-20,1,Medium,Medium,High
508,22,Male,Graduate,Poland,4.2,Facebook,No,7.9,7,Single,2,5,21-22,0,Low,Low,Low
509,19,Female,Undergraduate,India,6.8,WhatsApp,Yes,6.0,5,In Relationship,4,8,18-20,10,Medium,Medium,High
510,21,Male,Graduate,Canada,4.8,Instagram,Yes,7.4,7,Single,3,6,21-22,1,Medium,Medium,Medium
511,20,Female,Undergraduate,Brazil,6.1,Instagram,Yes,6.4,6,Single,3,7,18-20,1,Medium,Medium,Medium
512,22,Male,Graduate,China,4.4,WeChat,No,7.9,7,In Relationship,2,5,21-22,9,Low,Low,Low
513,19,Female,Undergraduate,Netherlands,3.7,TikTok,No,8.3,8,Single,2,4,18-20,6,Low,Low,Low
514,21,Male,Graduate,New Zealand,4.6,Instagram,Yes,7.6,7,In Relationship,3,6,21-22,1,Medium,Medium,Medium
515,20,Female,Undergraduate,Singapore,5.2,TikTok,Yes,6.9,6,Single,3,7,18-20,6,Medium,Medium,Medium
516,22,Male,Graduate,Malaysia,5.6,WhatsApp,Yes,6.7,6,Single,3,7,21-22,10,Medium,Medium,Medium
517,19,Female,Undergraduate,UAE,6.6,Instagram,Yes,6.4,5,In Relationship,4,8,18-20,1,Medium,Medium,High
518,21,Male,Graduate,Poland,4.1,Facebook,No,8.0,7,Single,2,5,21-22,0,Low,Low,Low
519,20,Female,Undergraduate,India,6.9,WhatsApp,Yes,5.9,5,In Relationship,4,8,18-20,10,Medium,Medium,High
520,22,Male,Graduate,Canada,4.7,TikTok,Yes,7.5,7,Single,3,6,21-22,6,Medium,Medium,Medium
521,19,Female,Undergraduate,Brazil,6.0,WhatsApp,Yes,6.5,6,Single,3,7,18-20,10,Medium,Medium,Medium
522,21,Male,Graduate,China,4.3,WeChat,No,8.0,7,In Relationship,2,5,21-22,9,Low,Low,Low
523,20,Female,Undergraduate,Netherlands,3.6,Instagram,No,8.4,8,Single,2,4,18-20,1,Low,Low,Low
524,22,Male,Graduate,New Zealand,4.5,Facebook,Yes,7.7,7,In Relationship,3,6,21-22,0,Medium,Medium,Medium
525,19,Female,Undergraduate,Singapore,5.3,TikTok,Yes,6.8,6,Single,3,7,18-20,6,Medium,Medium,Medium
526,21,Male,Graduate,Malaysia,5.7,WhatsApp,Yes,6.6,6,Single,3,7,21-22,10,Medium,Medium,Medium
527,20,Female,Undergraduate,UAE,6.7,Instagram,Yes,6.3,5,In Relationship,4,8,18-20,1,Medium,Medium,High
528,22,Male,Graduate,Poland,4.0,Facebook,No,8.1,7,Single,2,5,21-22,0,Low,Low,Low
529,19,Female,Undergraduate,India,7.0,WhatsApp,Yes,5.8,5,In Relationship,4,8,18-20,10,Medium,Medium,High
530,21,Male,Graduate,Canada,4.6,Instagram,Yes,7.6,7,Single,3,6,21-22,1,Medium,Medium,Medium
531,20,Female,Undergraduate,Brazil,5.9,TikTok,Yes,6.6,6,Single,3,7,18-20,6,Medium,Medium,Medium
532,22,Male,Graduate,China,4.2,WeChat,No,8.1,7,In Relationship,2,5,21-22,9,Low,Low,Low
533,19,Female,Undergraduate,Netherlands,3.5,Instagram,No,8.5,8,Single,2,4,18-20,1,Low,Low,Low
534,21,Male,Graduate,New Zealand,4.4,Facebook,Yes,7.8,7,In Relationship,3,6,21-22,0,Medium,Medium,Medium
535,20,Female,Undergraduate,Singapore,5.4,TikTok,Yes,6.7,6,Single,3,7,18-20,6,Medium,Medium,Medium
536,22,Male,Graduate,Malaysia,5.8,WhatsApp,Yes,6.5,6,Single,3,7,21-22,10,Medium,Medium,Medium
537,19,Female,Undergraduate,UAE,6.8,Instagram,Yes,6.2,5,In Relationship,4,8,18-20,1,Medium,Medium,High
538,21,Male,Graduate,Poland,3.9,Facebook,No,8.2,7,Single,2,5,21-22,0,Low,Low,Low
539,20,Female,Undergraduate,India,7.1,WhatsApp,Yes,5.7,5,In Relationship,4,8,18-20,10,Medium,Medium,High
540,22,Male,Graduate,Canada,4.5,TikTok,Yes,7.7,7,Single,3,6,21-22,6,Medium,Medium,Medium
541,19,Female,Undergraduate,Brazil,5.8,WhatsApp,Yes,6.7,6,Single,3,7,18-20,10,Medium,Medium,Medium
542,21,Male,Graduate,China,4.1,WeChat,No,8.2,7,In Relationship,2,5,21-22,9,Low,Low,Low
543,20,Female,Undergraduate,Netherlands,3.4,Instagram,No,8.6,8,Single,2,4,18-20,1,Low,Low,Low
544,22,Male,Graduate,New Zealand,4.3,Instagram,Yes,7.9,7,In Relationship,3,6,21-22,1,Medium,Medium,Medium
545,19,Female,Undergraduate,Singapore,5.5,TikTok,Yes,6.6,6,Single,3,7,18-20,6,Medium,Medium,Medium
546,21,Male,Graduate,Malaysia,5.9,WhatsApp,Yes,6.4,6,Single,3,7,21-22,10,Medium,Medium,Medium
547,20,Female,Undergraduate,UAE,6.9,Instagram,Yes,6.1,5,In Relationship,4,8,18-20,1,Medium,Medium,High
548,22,Male,Graduate,Poland,3.8,Facebook,No,8.3,7,Single,2,5,21-22,0,Low,Low,Low
549,19,Female,Undergraduate,India,7.2,WhatsApp,Yes,5.6,5,In Relationship,4,8,18-20,10,Medium,Medium,High
550,21,Male,Graduate,Canada,4.4,Instagram,Yes,7.8,7,Single,3,6,21-22,1,Medium,Medium,Medium
551,20,Female,Undergraduate,Brazil,5.7,TikTok,Yes,6.8,6,Single,3,7,18-20,6,Medium,Medium,Medium
552,22,Male,Graduate,China,4.0,WeChat,No,8.3,7,In Relationship,2,5,21-22,9,Low,Low,Low
553,19,Female,Undergraduate,Netherlands,3.3,Instagram,No,8.7,8,Single,2,4,18-20,1,Low,Low,Low
554,21,Male,Graduate,New Zealand,4.2,Facebook,Yes,8.0,7,In Relationship,3,6,21-22,0,Medium,Medium,Medium
555,20,Female,Undergraduate,Singapore,5.6,TikTok,Yes,6.5,6,Single,3,7,18-20,6,Medium,Medium,Medium
556,22,Male,Graduate,Malaysia,6.0,WhatsApp,Yes,6.3,6,Single,3,7,21-22,10,Medium,Medium,Medium
557,19,Female,Undergraduate,UAE,7.0,Instagram,Yes,6.0,5,In Relationship,4,8,18-20,1,Medium,Medium,High
558,21,Male,Graduate,Poland,3.7,Facebook,No,8.4,7,Single,2,5,21-22,0,Low,Low,Low
559,20,Female,Undergraduate,India,7.3,WhatsApp,Yes,5.5,5,In Relationship,4,8,18-20,10,High,Medium,High
560,22,Male,Graduate,Canada,4.3,TikTok,Yes,7.9,7,Single,3,6,21-22,6,Medium,Medium,Medium
561,19,Female,Undergraduate,Brazil,5.6,WhatsApp,Yes,6.9,6,Single,3,7,18-20,10,Medium,Medium,Medium
562,21,Male,Graduate,China,3.9,WeChat,No,8.4,7,In Relationship,2,5,21-22,9,Low,Low,Low
563,20,Female,Undergraduate,Netherlands,3.2,Instagram,No,8.8,8,Single,2,4,18-20,1,Low,Low,Low
564,22,Male,Graduate,New Zealand,4.1,Instagram,Yes,8.1,7,In Relationship,3,6,21-22,1,Medium,Medium,Medium
565,19,Female,Undergraduate,Singapore,5.7,TikTok,Yes,6.4,6,Single,3,7,18-20,6,Medium,Medium,Medium
566,21,Male,Graduate,Malaysia,6.1,WhatsApp,Yes,6.2,6,Single,3,7,21-22,10,Medium,Medium,Medium
567,20,Female,Undergraduate,UAE,7.1,Instagram,Yes,5.9,5,In Relationship,4,8,18-20,1,Medium,Medium,High
568,22,Male,Graduate,Poland,3.6,Facebook,No,8.5,7,Single,2,5,21-22,0,Low,Low,Low
569,19,Female,Undergraduate,India,7.4,WhatsApp,Yes,5.4,5,In Relationship,4,8,18-20,10,High,High,High
570,21,Male,Graduate,Canada,4.2,Instagram,Yes,8.0,7,Single,3,6,21-22,1,Medium,Medium,Medium
571,20,Female,Undergraduate,Spain,6.1,Instagram,Yes,7.2,5,Single,4,7,18-20,1,Medium,Medium,High
572,23,Male,Graduate,Denmark,3.8,Twitter,No,7.8,8,In Relationship,2,4,23-24,7,Low,Low,Low
573,19,Female,Undergraduate,Ireland,5.5,TikTok,Yes,6.8,6,Single,4,8,18-20,6,Medium,Medium,High
574,22,Male,Graduate,India,7.2,Facebook,Yes,5.9,4,Single,4,9,21-22,0,Medium,Medium,High
575,21,Female,Undergraduate,Switzerland,4.2,Instagram,No,7.5,7,In Relationship,2,5,21-22,1,Low,Low,Low
576,24,Male,Graduate,Turkey,6.8,TikTok,Yes,6.2,5,Single,4,8,23-24,6,Medium,Medium,High
577,20,Female,Undergraduate,USA,5.9,Instagram,Yes,6.7,6,In Relationship,3,7,18-20,1,Medium,Medium,Medium
578,22,Male,Graduate,Mexico,6.5,Facebook,Yes,6.1,5,Single,4,8,21-22,0,Medium,Medium,High
579,19,Female,Undergraduate,France,4.7,Twitter,No,7.4,7,Single,2,5,18-20,7,Low,Low,Low
580,23,Male,Graduate,Canada,5.2,Instagram,Yes,7.0,6,In Relationship,3,6,23-24,1,Medium,Medium,Medium
581,21,Female,Undergraduate,UK,6.3,TikTok,Yes,6.4,5,Single,4,8,21-22,6,Medium,Medium,High
582,24,Male,Graduate,Italy,4.9,Facebook,No,7.3,7,In Relationship,2,5,23-24,0,Low,Low,Low
583,20,Female,Undergraduate,Russia,6.7,Instagram,Yes,6.0,5,Single,4,8,18-20,1,Medium,Medium,High
584,22,Male,Graduate,China,5.8,WeChat,Yes,6.5,6,In Relationship,3,7,21-22,9,Medium,Medium,Medium
585,19,Female,Undergraduate,Japan,4.5,Twitter,No,7.6,8,Single,2,4,18-20,7,Low,Low,Low
586,23,Male,Graduate,Poland,6.4,Facebook,Yes,6.3,5,Single,4,8,23-24,0,Medium,Medium,High
587,21,Female,Undergraduate,Finland,4.1,Instagram,No,7.7,7,In Relationship,2,5,21-22,1,Low,Low,Low
588,24,Male,Graduate,Spain,6.6,TikTok,Yes,6.2,5,Single,4,8,23-24,6,Medium,Medium,High
589,20,Female,Undergraduate,Denmark,4.4,Instagram,No,7.4,7,In Relationship,2,5,18-20,1,Low,Low,Low
590,22,Male,Graduate,Ireland,5.7,Twitter,Yes,6.8,6,Single,3,7,21-22,7,Medium,Medium,Medium
591,19,Female,Undergraduate,India,7.0,Instagram,Yes,5.8,4,Single,4,9,18-20,1,Medium,Medium,High
592,23,Male,Graduate,Switzerland,4.3,Facebook,No,7.5,7,In Relationship,2,5,23-24,0,Low,Low,Low
593,21,Female,Undergraduate,Turkey,6.9,TikTok,Yes,6.1,5,Single,4,8,21-22,6,Medium,Medium,High
594,24,Male,Graduate,USA,5.6,Instagram,Yes,6.9,6,In Relationship,3,7,23-24,1,Medium,Medium,Medium
595,20,Female,Undergraduate,Mexico,6.2,Facebook,Yes,6.3,5,Single,4,8,18-20,0,Medium,Medium,High
596,21,Male,Undergraduate,France,5.8,Instagram,Yes,6.7,6,Single,3,7,21-22,1,Medium,Medium,Medium
597,23,Female,Graduate,Canada,4.9,TikTok,No,7.3,7,In Relationship,2,5,23-24,6,Low,Low,Low
598,20,Male,Undergraduate,UK,6.4,Facebook,Yes,6.2,5,Single,4,8,18-20,0,Medium,Medium,High
599,22,Female,Graduate,Italy,5.1,Twitter,No,7.1,7,In Relationship,2,5,21-22,7,Low,Low,Low
600,19,Male,Undergraduate,Russia,6.7,Instagram,Yes,6.0,4,Single,4,8,18-20,1,Medium,Medium,Medium
601,24,Female,Graduate,China,5.5,WeChat,Yes,6.8,6,In Relationship,3,7,23-24,9,Medium,Medium,Medium
602,21,Male,Undergraduate,Japan,4.3,Twitter,No,7.6,8,Single,2,4,21-22,7,Low,Low,Low
603,23,Female,Graduate,Poland,6.2,Instagram,Yes,6.4,5,Single,4,8,23-24,1,Medium,Medium,High
604,20,Male,Undergraduate,Finland,4.5,Facebook,No,7.4,7,In Relationship,2,5,18-20,0,Low,Low,Low
605,22,Female,Graduate,Spain,6.3,TikTok,Yes,6.3,5,Single,4,8,21-22,6,Medium,Medium,High
606,19,Male,Undergraduate,Denmark,4.7,Instagram,No,7.2,7,In Relationship,2,5,18-20,1,Low,Low,Low
607,24,Female,Graduate,Ireland,5.9,Twitter,Yes,6.6,6,Single,3,7,23-24,7,Medium,Medium,Medium
608,21,Male,Undergraduate,India,7.1,Facebook,Yes,5.7,4,Single,4,9,21-22,0,Medium,Medium,High
609,23,Female,Graduate,Switzerland,4.4,Instagram,No,7.4,7,In Relationship,2,5,23-24,1,Low,Low,Low
610,20,Male,Undergraduate,Turkey,6.6,TikTok,Yes,6.2,5,Single,4,8,18-20,6,Medium,Medium,High
611,22,Female,Graduate,USA,5.4,Instagram,Yes,6.9,6,In Relationship,3,7,21-22,1,Medium,Medium,Medium
612,19,Male,Undergraduate,Mexico,6.5,Facebook,Yes,6.1,5,Single,4,8,18-20,0,Medium,Medium,High
613,24,Female,Graduate,France,4.8,Twitter,No,7.3,7,In Relationship,2,5,23-24,7,Low,Low,Low
614,21,Male,Undergraduate,Canada,5.7,Instagram,Yes,6.7,6,Single,3,7,21-22,1,Medium,Medium,Medium
615,23,Female,Graduate,UK,6.1,TikTok,Yes,6.4,5,Single,4,8,23-24,6,Medium,Medium,High
616,20,Male,Undergraduate,Italy,4.6,Facebook,No,7.2,7,In Relationship,2,5,18-20,0,Low,Low,Low
617,22,Female,Graduate,Russia,6.8,Instagram,Yes,5.9,4,Single,4,9,21-22,1,Medium,Medium,High
618,19,Male,Undergraduate,China,5.6,WeChat,Yes,6.8,6,In Relationship,3,7,18-20,9,Medium,Medium,Medium
619,24,Female,Graduate,Japan,4.2,Twitter,No,7.5,8,Single,2,4,23-24,7,Low,Low,Low
620,21,Male,Undergraduate,Poland,6.3,TikTok,Yes,6.3,5,Single,4,8,21-22,6,Medium,Medium,High
621,23,Female,Graduate,Finland,4.4,Instagram,No,7.4,7,In Relationship,2,5,23-24,1,Low,Low,Low
622,20,Male,Undergraduate,Spain,6.5,Facebook,Yes,6.2,5,Single,4,8,18-20,0,Medium,Medium,High
623,22,Female,Graduate,Denmark,4.6,Twitter,No,7.3,7,In Relationship,2,5,21-22,7,Low,Low,Low
624,19,Male,Undergraduate,Ireland,5.8,Instagram,Yes,6.6,6,Single,3,7,18-20,1,Medium,Medium,Medium
625,24,Female,Graduate,India,7.0,TikTok,Yes,5.8,4,Single,4,9,23-24,6,Medium,Medium,High
626,21,Male,Undergraduate,Switzerland,4.5,Facebook,No,7.3,7,In Relationship,2,5,21-22,0,Low,Low,Low
627,23,Female,Graduate,Turkey,6.7,Instagram,Yes,6.1,5,Single,4,8,23-24,1,Medium,Medium,High
628,20,Male,Undergraduate,USA,5.5,Twitter,Yes,6.8,6,In Relationship,3,7,18-20,7,Medium,Medium,Medium
629,22,Female,Graduate,Mexico,6.4,Facebook,Yes,6.2,5,Single,4,8,21-22,0,Medium,Medium,High
630,19,Male,Undergraduate,France,4.7,Instagram,No,7.2,7,In Relationship,2,5,18-20,1,Low,Low,Low
631,24,Female,Graduate,Canada,5.6,TikTok,Yes,6.7,6,Single,3,7,23-24,6,Medium,Medium,Medium
632,21,Male,Undergraduate,UK,6.2,Facebook,Yes,6.3,5,Single,4,8,21-22,0,Medium,Medium,High
633,23,Female,Graduate,Italy,4.8,Twitter,No,7.1,7,In Relationship,2,5,23-24,7,Low,Low,Low
634,20,Male,Undergraduate,Russia,6.9,Instagram,Yes,5.9,4,Single,4,9,18-20,1,Medium,Medium,High
635,22,Female,Graduate,China,5.7,WeChat,Yes,6.7,6,In Relationship,3,7,21-22,9,Medium,Medium,Medium
636,19,Male,Undergraduate,Japan,4.4,Twitter,No,7.4,8,Single,2,4,18-20,7,Low,Low,Low
637,24,Female,Graduate,Poland,6.1,TikTok,Yes,6.4,5,Single,4,8,23-24,6,Medium,Medium,High
638,21,Male,Undergraduate,Finland,4.3,Instagram,No,7.5,7,In Relationship,2,5,21-22,1,Low,Low,Low
639,23,Female,Graduate,Spain,6.4,Facebook,Yes,6.2,5,Single,4,8,23-24,0,Medium,Medium,High
640,20,Male,Undergraduate,Denmark,4.5,Twitter,No,7.3,7,In Relationship,2,5,18-20,7,Low,Low,Low
641,22,Female,Graduate,Ireland,5.9,Instagram,Yes,6.5,6,Single,3,7,21-22,1,Medium,Medium,Medium
642,19,Male,Undergraduate,India,7.2,TikTok,Yes,5.7,4,Single,4,9,18-20,6,Medium,Medium,High
643,24,Female,Graduate,Switzerland,4.6,Facebook,No,7.2,7,In Relationship,2,5,23-24,0,Low,Low,Low
644,21,Male,Undergraduate,Turkey,6.8,Instagram,Yes,6.0,5,Single,4,8,21-22,1,Medium,Medium,High
645,23,Female,Graduate,USA,5.3,Twitter,Yes,6.8,6,In Relationship,3,7,23-24,7,Medium,Medium,Medium
646,22,Male,Graduate,Mexico,6.3,Facebook,Yes,6.2,5,Single,4,8,21-22,0,Medium,Medium,High
647,20,Female,Undergraduate,France,4.8,Instagram,No,7.1,7,In Relationship,2,5,18-20,1,Low,Low,Low
648,23,Male,Graduate,Canada,5.7,TikTok,Yes,6.6,6,Single,3,7,23-24,6,Medium,Medium,Medium
649,21,Female,Undergraduate,UK,6.2,Twitter,Yes,6.3,5,Single,4,8,21-22,7,Medium,Medium,High
650,24,Male,Graduate,Italy,4.7,Facebook,No,7.2,7,In Relationship,2,5,23-24,0,Low,Low,Low
651,19,Female,Undergraduate,Russia,6.8,Instagram,Yes,5.9,4,Single,4,9,18-20,1,Medium,Medium,High
652,22,Male,Graduate,China,5.6,WeChat,Yes,6.7,6,In Relationship,3,7,21-22,9,Medium,Medium,Medium
653,20,Female,Undergraduate,Japan,4.3,Twitter,No,7.5,8,Single,2,4,18-20,7,Low,Low,Low
654,23,Male,Graduate,Poland,6.2,TikTok,Yes,6.3,5,Single,4,8,23-24,6,Medium,Medium,High
655,21,Female,Undergraduate,Finland,4.4,Instagram,No,7.4,7,In Relationship,2,5,21-22,1,Low,Low,Low
656,24,Male,Graduate,Spain,6.5,Facebook,Yes,6.1,5,Single,4,8,23-24,0,Medium,Medium,High
657,19,Female,Undergraduate,Denmark,4.6,Twitter,No,7.3,7,In Relationship,2,5,18-20,7,Low,Low,Low
658,22,Male,Graduate,Ireland,5.8,Instagram,Yes,6.6,6,Single,3,7,21-22,1,Medium,Medium,Medium
659,20,Female,Undergraduate,India,7.1,TikTok,Yes,5.8,4,Single,4,9,18-20,6,Medium,Medium,High
660,23,Male,Graduate,Switzerland,4.5,Facebook,No,7.3,7,In Relationship,2,5,23-24,0,Low,Low,Low
661,21,Female,Undergraduate,Turkey,6.7,Instagram,Yes,6.0,5,Single,4,8,21-22,1,Medium,Medium,High
662,24,Male,Graduate,USA,5.4,Twitter,Yes,6.8,6,In Relationship,3,7,23-24,7,Medium,Medium,Medium
663,19,Female,Undergraduate,Mexico,6.4,TikTok,Yes,6.2,5,Single,4,8,18-20,6,Medium,Medium,High
664,22,Male,Graduate,France,4.7,Facebook,No,7.2,7,In Relationship,2,5,21-22,0,Low,Low,Low
665,20,Female,Undergraduate,Canada,5.6,Instagram,Yes,6.7,6,Single,3,7,18-20,1,Medium,Medium,Medium
666,23,Male,Graduate,UK,6.3,Twitter,Yes,6.2,5,Single,4,8,23-24,7,Medium,Medium,High
667,21,Female,Undergraduate,Italy,4.8,TikTok,No,7.1,7,In Relationship,2,5,21-22,6,Low,Low,Low
668,24,Male,Graduate,Russia,6.9,Instagram,Yes,5.9,4,Single,4,9,23-24,1,Medium,Medium,High
669,19,Female,Undergraduate,China,5.7,WeChat,Yes,6.7,6,In Relationship,3,7,18-20,9,Medium,Medium,Medium
670,22,Male,Graduate,Japan,4.4,Twitter,No,7.4,8,Single,2,4,21-22,7,Low,Low,Low
671,20,Female,Undergraduate,Poland,6.1,Facebook,Yes,6.4,5,Single,4,8,18-20,0,Medium,Medium,High
672,23,Male,Graduate,Finland,4.3,Instagram,No,7.5,7,In Relationship,2,5,23-24,1,Low,Low,Low
673,21,Female,Undergraduate,Spain,6.4,TikTok,Yes,6.2,5,Single,4,8,21-22,6,Medium,Medium,High
674,24,Male,Graduate,Denmark,4.5,Twitter,No,7.3,7,In Relationship,2,5,23-24,7,Low,Low,Low
675,19,Female,Undergraduate,Ireland,5.9,Instagram,Yes,6.5,6,Single,3,7,18-20,1,Medium,Medium,Medium
676,22,Male,Graduate,India,7.2,Facebook,Yes,5.7,4,Single,4,9,21-22,0,Medium,Medium,High
677,20,Female,Undergraduate,Switzerland,4.6,TikTok,No,7.2,7,In Relationship,2,5,18-20,6,Low,Low,Low
678,23,Male,Graduate,Turkey,6.8,Instagram,Yes,6.0,5,Single,4,8,23-24,1,Medium,Medium,High
679,21,Female,Undergraduate,USA,5.3,Twitter,Yes,6.8,6,In Relationship,3,7,21-22,7,Medium,Medium,Medium
680,24,Male,Graduate,Mexico,6.2,Facebook,Yes,6.3,5,Single,4,8,23-24,0,Medium,Medium,High
681,19,Female,Undergraduate,France,4.7,Instagram,No,7.2,7,In Relationship,2,5,18-20,1,Low,Low,Low
682,22,Male,Graduate,Canada,5.8,TikTok,Yes,6.6,6,Single,3,7,21-22,6,Medium,Medium,Medium
683,20,Female,Undergraduate,UK,6.1,Twitter,Yes,6.4,5,Single,4,8,18-20,7,Medium,Medium,High
684,23,Male,Graduate,Italy,4.8,Facebook,No,7.1,7,In Relationship,2,5,23-24,0,Low,Low,Low
685,21,Female,Undergraduate,Russia,6.7,Instagram,Yes,6.0,4,Single,4,9,21-22,1,Medium,Medium,Medium
686,24,Male,Graduate,China,5.5,WeChat,Yes,6.8,6,In Relationship,3,7,23-24,9,Medium,Medium,Medium
687,19,Female,Undergraduate,Japan,4.2,Twitter,No,7.5,8,Single,2,4,18-20,7,Low,Low,Low
688,22,Male,Graduate,Poland,6.3,TikTok,Yes,6.2,5,Single,4,8,21-22,6,Medium,Medium,High
689,20,Female,Undergraduate,Finland,4.4,Instagram,No,7.4,7,In Relationship,2,5,18-20,1,Low,Low,Low
690,23,Male,Graduate,Spain,6.5,Facebook,Yes,6.1,5,Single,4,8,23-24,0,Medium,Medium,High
691,21,Female,Undergraduate,Denmark,4.6,Twitter,No,7.3,7,In Relationship,2,5,21-22,7,Low,Low,Low
692,24,Male,Graduate,Ireland,5.9,Instagram,Yes,6.5,6,Single,3,7,23-24,1,Medium,Medium,Medium
693,19,Female,Undergraduate,India,7.0,TikTok,Yes,5.8,4,Single,4,9,18-20,6,Medium,Medium,High
694,22,Male,Graduate,Switzerland,4.5,Facebook,No,7.3,7,In Relationship,2,5,21-22,0,Low,Low,Low
695,20,Female,Undergraduate,Turkey,6.6,Instagram,Yes,6.1,5,Single,4,8,18-20,1,Medium,Medium,High
696,23,Male,Graduate,USA,5.5,Twitter,Yes,6.7,6,In Relationship,3,7,23-24,7,Medium,Medium,Medium
697,21,Female,Undergraduate,Mexico,6.3,TikTok,Yes,6.2,5,Single,4,8,21-22,6,Medium,Medium,High
698,24,Male,Graduate,France,4.8,Facebook,No,7.1,7,In Relationship,2,5,23-24,0,Low,Low,Low
699,19,Female,Undergraduate,Canada,5.7,Instagram,Yes,6.6,6,Single,3,7,18-20,1,Medium,Medium,Medium
700,22,Male,Graduate,UK,6.2,Twitter,Yes,6.3,5,Single,4,8,21-22,7,Medium,Medium,High
701,20,Female,Undergraduate,Italy,4.7,TikTok,No,7.2,7,In Relationship,2,5,18-20,6,Low,Low,Low
702,23,Male,Graduate,Russia,6.8,Instagram,Yes,5.9,4,Single,4,9,23-24,1,Medium,Medium,High
703,21,Female,Undergraduate,China,5.6,WeChat,Yes,6.7,6,In Relationship,3,7,21-22,9,Medium,Medium,Medium
704,24,Male,Graduate,Japan,4.3,Twitter,No,7.5,8,Single,2,4,23-24,7,Low,Low,Low
705,19,Female,Undergraduate,Poland,6.2,Facebook,Yes,6.3,5,Single,4,8,18-20,0,Medium,Medium,High
